Time,temperature,relativehu,dewpoint,windspeed,winddirec,windgust,Power
2025-01-01 00:00:00,20.25,51.36,10.7,7.43,222.76,9.06,152.15
2025-01-01 00:10:00,19.24,70.29,13.25,5.6,115.44,7.18,0.0
2025-01-01 00:20:00,21.54,51.46,12.52,8.17,173.52,11.69,236.71
2025-01-01 00:30:00,15.21,71.89,10.08,8.49,192.49,11.02,176.5
2025-01-01 00:40:00,17.52,59.32,7.0,4.5,203.93,6.49,106.5
2025-01-01 00:50:00,17.17,75.76,12.76,5.47,171.9,8.17,256.77
2025-01-01 01:00:00,16.26,70.61,9.58,7.53,134.45,7.62,194.8
2025-01-01 01:10:00,21.72,53.4,11.26,6.97,172.19,9.12,49.18
2025-01-01 01:20:00,19.33,56.19,10.41,7.44,175.47,11.64,0.0
2025-01-01 01:30:00,21.14,65.21,14.51,6.33,176.07,8.66,0.0
2025-01-01 01:40:00,24.06,56.51,14.05,8.81,238.52,11.08,456.95
2025-01-01 01:50:00,19.18,61.56,12.05,8.73,163.52,11.48,223.27
2025-01-01 02:00:00,20.74,70.24,15.4,7.79,217.95,10.88,150.05
2025-01-01 02:10:00,21.71,55.22,12.79,9.33,214.38,9.53,475.25
2025-01-01 02:20:00,23.28,59.69,14.52,8.46,243.86,8.98,395.68
2025-01-01 02:30:00,20.48,68.25,13.35,6.66,206.99,9.07,64.26
2025-01-01 02:40:00,20.36,67.34,14.65,8.44,240.73,9.92,231.36
2025-01-01 02:50:00,23.4,57.82,13.76,6.63,208.39,10.15,85.42
2025-01-01 03:00:00,23.63,56.71,15.82,9.26,230.99,11.15,352.37
2025-01-01 03:10:00,19.27,50.49,9.23,8.02,164.54,8.28,159.81
2025-01-01 03:20:00,20.74,53.94,11.45,7.88,126.15,8.81,227.19
2025-01-01 03:30:00,25.65,59.14,16.11,7.24,233.04,7.24,141.71
2025-01-01 03:40:00,23.67,57.73,15.1,9.96,236.24,11.92,737.82
2025-01-01 03:50:00,21.58,61.1,14.29,8.08,239.09,10.09,254.21
2025-01-01 04:00:00,23.76,65.89,15.87,7.75,205.37,9.53,275.0
2025-01-01 04:10:00,24.09,50.01,14.49,7.91,277.16,11.19,104.34
2025-01-01 04:20:00,25.39,55.5,16.56,9.2,210.19,12.6,437.92
2025-01-01 04:30:00,21.62,61.87,13.48,9.01,242.26,11.04,297.87
2025-01-01 04:40:00,22.55,54.78,14.19,9.13,249.57,9.19,414.02
2025-01-01 04:50:00,24.55,67.92,16.38,9.2,290.13,12.02,452.85
2025-01-01 05:00:00,24.58,64.24,17.71,11.65,220.07,14.4,1072.18
2025-01-01 05:10:00,25.79,58.82,18.85,8.12,209.48,10.63,427.1
2025-01-01 05:20:00,22.55,72.27,18.15,8.02,181.07,11.2,330.86
2025-01-01 05:30:00,25.4,46.64,15.04,7.65,288.98,8.68,265.88
2025-01-01 05:40:00,26.73,55.89,17.66,9.69,250.51,13.9,560.53
2025-01-01 05:50:00,25.64,59.49,17.03,10.46,252.72,11.7,834.76
2025-01-01 06:00:00,25.25,50.87,15.18,8.76,347.03,11.71,193.44
2025-01-01 06:10:00,24.83,59.76,17.21,7.78,250.38,8.3,297.43
2025-01-01 06:20:00,23.5,51.11,13.07,7.85,194.46,9.12,104.0
2025-01-01 06:30:00,24.87,62.45,17.97,9.95,234.2,13.67,507.63
2025-01-01 06:40:00,27.27,62.86,21.55,10.12,207.93,12.06,644.93
2025-01-01 06:50:00,24.79,59.6,16.66,9.88,229.16,12.92,643.35
2025-01-01 07:00:00,23.16,46.19,11.32,8.23,229.87,10.66,137.96
2025-01-01 07:10:00,23.88,51.74,13.15,9.52,224.34,11.62,414.65
2025-01-01 07:20:00,25.12,61.34,18.01,9.39,197.02,12.96,440.51
2025-01-01 07:30:00,24.09,58.47,15.73,9.57,302.39,11.54,453.43
2025-01-01 07:40:00,25.64,38.07,13.95,10.52,257.97,10.94,775.57
2025-01-01 07:50:00,25.7,65.57,18.39,9.65,240.44,11.04,777.31
2025-01-01 08:00:00,25.66,57.86,17.9,10.32,275.65,13.07,682.78
2025-01-01 08:10:00,26.62,50.3,16.56,9.49,266.39,12.09,389.47
2025-01-01 08:20:00,25.85,63.7,18.01,9.83,260.3,10.46,416.57
2025-01-01 08:30:00,22.38,55.11,13.08,10.34,275.34,11.81,625.56
2025-01-01 08:40:00,22.44,54.99,12.48,7.44,256.75,9.06,64.98
2025-01-01 08:50:00,23.93,60.98,17.71,9.06,276.18,10.9,407.84
2025-01-01 09:00:00,22.14,72.54,16.57,8.88,279.72,9.7,373.75
2025-01-01 09:10:00,20.9,72.55,15.93,8.66,259.67,10.24,261.03
2025-01-01 09:20:00,22.15,62.58,14.24,9.2,246.84,10.67,562.05
2025-01-01 09:30:00,22.1,63.35,13.92,11.7,308.67,14.67,1024.84
2025-01-01 09:40:00,21.74,65.97,14.75,8.41,238.9,11.42,252.01
2025-01-01 09:50:00,22.38,51.06,13.47,11.0,269.82,13.05,900.8
2025-01-01 10:00:00,23.62,63.25,15.85,7.31,271.08,9.12,207.95
2025-01-01 10:10:00,21.86,55.19,12.2,9.21,235.7,11.55,504.88
2025-01-01 10:20:00,25.95,58.88,17.85,9.93,229.16,11.31,585.42
2025-01-01 10:30:00,21.81,58.78,13.96,10.53,245.43,11.59,795.99
2025-01-01 10:40:00,20.98,64.63,15.22,10.72,240.94,11.98,704.64
2025-01-01 10:50:00,21.51,61.47,14.08,10.85,207.45,12.42,877.61
2025-01-01 11:00:00,20.27,40.24,8.84,9.26,235.97,10.3,482.9
2025-01-01 11:10:00,20.6,62.72,13.71,9.11,268.35,11.48,506.35
2025-01-01 11:20:00,23.55,63.3,15.29,10.97,303.57,13.9,695.46
2025-01-01 11:30:00,18.29,66.66,10.85,9.51,278.86,10.12,379.0
2025-01-01 11:40:00,21.36,60.06,12.5,8.0,168.64,10.22,276.45
2025-01-01 11:50:00,20.19,73.33,13.79,8.2,282.21,10.18,7.56
2025-01-01 12:00:00,15.17,68.52,9.51,8.51,240.33,11.05,317.93
2025-01-01 12:10:00,19.39,65.62,12.74,10.49,275.8,12.68,785.64
2025-01-01 12:20:00,20.28,69.06,14.16,10.0,259.49,10.75,517.67
2025-01-01 12:30:00,16.46,67.73,7.93,10.77,253.26,11.7,737.81
2025-01-01 12:40:00,17.98,57.53,11.13,9.2,256.4,11.43,302.85
2025-01-01 12:50:00,14.89,49.53,4.08,10.02,259.15,13.25,527.33
2025-01-01 13:00:00,13.92,64.13,8.39,10.67,306.91,10.67,703.98
2025-01-01 13:10:00,18.07,69.06,10.73,9.36,259.06,11.9,366.55
2025-01-01 13:20:00,15.35,63.71,7.44,10.42,297.6,13.81,613.58
2025-01-01 13:30:00,14.19,72.84,7.0,8.85,292.33,10.9,308.02
2025-01-01 13:40:00,16.6,66.1,10.11,9.26,282.58,12.01,381.65
2025-01-01 13:50:00,15.25,75.29,9.43,9.23,196.47,10.72,558.17
2025-01-01 14:00:00,13.65,65.65,5.92,8.08,297.83,10.16,182.62
2025-01-01 14:10:00,15.83,69.03,8.54,10.42,242.43,11.0,704.46
2025-01-01 14:20:00,12.41,72.37,7.51,9.07,283.18,9.07,320.28
2025-01-01 14:30:00,12.87,78.93,9.23,9.73,223.74,12.87,453.42
2025-01-01 14:40:00,14.78,54.75,7.18,10.37,215.92,11.58,516.53
2025-01-01 14:50:00,16.24,62.17,8.13,10.3,326.16,12.05,510.66
2025-01-01 15:00:00,15.28,72.19,9.89,10.59,223.05,11.41,621.1
2025-01-01 15:10:00,11.85,80.15,6.85,9.51,296.19,10.3,470.63
2025-01-01 15:20:00,14.74,68.42,8.15,9.03,259.72,11.06,453.97
2025-01-01 15:30:00,11.64,67.48,4.72,9.49,240.35,10.96,300.06
2025-01-01 15:40:00,16.34,70.6,10.83,7.22,252.93,9.8,77.33
2025-01-01 15:50:00,11.01,76.17,7.06,7.53,208.37,10.18,37.51
2025-01-01 16:00:00,14.33,64.59,8.04,7.68,252.82,10.2,146.98
2025-01-01 16:10:00,10.76,72.63,4.61,8.11,214.76,10.55,312.01
2025-01-01 16:20:00,15.56,74.26,11.21,10.04,238.15,13.82,538.55
2025-01-01 16:30:00,13.0,81.53,9.27,8.18,283.68,9.32,226.25
2025-01-01 16:40:00,10.11,76.1,5.07,8.89,259.47,11.04,462.04
2025-01-01 16:50:00,11.0,70.41,4.51,11.21,197.95,14.54,954.24
2025-01-01 17:00:00,12.64,68.24,5.84,8.86,278.85,12.33,268.55
2025-01-01 17:10:00,13.13,72.08,8.94,10.36,248.0,11.14,673.16
2025-01-01 17:20:00,11.11,69.19,5.2,7.99,228.45,9.88,135.01
2025-01-01 17:30:00,11.32,71.14,5.69,8.98,272.7,12.53,388.36
2025-01-01 17:40:00,12.6,61.25,4.64,7.9,239.84,10.61,238.0
2025-01-01 17:50:00,11.48,78.75,9.18,8.72,204.0,11.11,192.66
2025-01-01 18:00:00,8.67,64.21,2.56,10.33,308.54,12.31,666.16
2025-01-01 18:10:00,9.54,68.39,2.64,6.7,242.31,8.51,73.63
2025-01-01 18:20:00,11.42,70.4,5.28,9.69,239.1,12.17,540.34
2025-01-01 18:30:00,13.19,82.07,9.43,9.37,226.77,11.32,498.09
2025-01-01 18:40:00,13.91,64.52,6.93,8.17,281.24,10.32,268.42
2025-01-01 18:50:00,12.4,64.18,4.68,6.93,220.53,9.21,74.67
2025-01-01 19:00:00,11.76,65.56,5.22,9.01,183.76,10.54,438.95
2025-01-01 19:10:00,12.59,80.28,9.8,8.13,213.0,10.86,148.8
2025-01-01 19:20:00,10.04,51.28,-0.76,9.15,282.09,14.27,272.59
2025-01-01 19:30:00,10.96,63.11,2.68,8.81,263.66,9.23,52.88
2025-01-01 19:40:00,9.76,90.34,7.44,10.98,224.46,13.5,833.38
2025-01-01 19:50:00,8.99,76.04,3.85,8.35,280.29,9.79,183.85
2025-01-01 20:00:00,12.54,60.97,6.33,7.21,257.23,9.99,157.07
2025-01-01 20:10:00,12.27,68.66,6.81,8.85,220.52,11.09,162.53
2025-01-01 20:20:00,13.18,68.61,7.65,8.85,222.83,11.82,276.5
2025-01-01 20:30:00,12.92,74.29,7.57,10.4,238.93,13.77,709.52
2025-01-01 20:40:00,12.37,81.74,8.49,9.62,197.04,12.01,391.02
2025-01-01 20:50:00,12.94,71.07,5.99,8.9,225.05,12.23,373.46
2025-01-01 21:00:00,12.97,64.55,6.51,10.39,234.41,10.39,620.6
2025-01-01 21:10:00,13.79,73.1,8.81,6.63,163.28,10.42,76.18
2025-01-01 21:20:00,11.74,64.54,5.68,7.34,214.39,9.92,186.16
2025-01-01 21:30:00,13.72,60.42,5.63,6.89,209.08,10.17,178.31
2025-01-01 21:40:00,14.25,54.85,5.11,7.59,254.34,8.57,167.54
2025-01-01 21:50:00,11.84,58.38,3.66,6.15,152.45,7.52,0.0
2025-01-01 22:00:00,14.59,60.59,7.42,8.92,202.3,11.26,303.16
2025-01-01 22:10:00,13.38,59.72,4.14,7.66,197.42,9.84,221.41
2025-01-01 22:20:00,13.55,70.0,8.14,5.86,246.5,8.34,0.0
2025-01-01 22:30:00,12.48,60.38,4.53,6.44,209.98,9.72,52.06
2025-01-01 22:40:00,16.78,42.89,4.51,8.24,272.97,8.68,205.44
2025-01-01 22:50:00,16.42,57.92,6.33,8.92,231.87,12.1,334.35
2025-01-01 23:00:00,17.16,61.26,9.3,10.49,192.92,12.69,607.77
2025-01-01 23:10:00,19.74,58.0,12.5,11.71,214.24,13.71,936.09
2025-01-01 23:20:00,15.85,76.37,12.46,8.16,192.03,8.89,270.95
2025-01-01 23:30:00,21.65,56.22,13.17,6.13,233.06,8.84,132.83
2025-01-01 23:40:00,15.78,71.97,11.74,4.48,154.91,4.48,0.0
2025-01-01 23:50:00,16.65,64.88,9.59,7.78,171.26,10.63,211.69
2025-01-02 00:00:00,17.28,64.15,10.88,6.21,214.58,6.92,146.6
2025-01-02 00:10:00,18.67,57.35,9.78,6.71,240.08,8.96,134.75
2025-01-02 00:20:00,19.5,62.03,11.5,6.37,118.65,8.45,27.94
2025-01-02 00:30:00,17.79,58.63,8.98,6.97,242.36,10.34,23.46
2025-01-02 00:40:00,21.2,62.11,11.97,8.6,187.88,10.63,297.75
2025-01-02 00:50:00,18.43,61.76,11.81,7.27,125.38,8.78,149.99
2025-01-02 01:00:00,20.3,55.12,10.81,6.77,84.79,8.47,96.85
2025-01-02 01:10:00,18.18,70.59,11.65,5.49,134.86,8.96,10.07
2025-01-02 01:20:00,20.57,64.48,12.52,4.53,186.23,7.27,0.0
2025-01-02 01:30:00,19.57,59.25,11.26,6.14,183.15,7.95,86.97
2025-01-02 01:40:00,18.72,64.17,12.96,6.68,206.15,8.65,122.69
2025-01-02 01:50:00,18.41,62.84,12.66,9.18,163.3,9.81,406.52
2025-01-02 02:00:00,26.31,50.25,15.03,6.83,142.29,9.41,101.96
2025-01-02 02:10:00,21.03,61.57,13.06,7.96,165.16,8.4,344.52
2025-01-02 02:20:00,18.88,58.66,9.78,5.83,179.35,8.78,0.0
2025-01-02 02:30:00,20.24,55.17,12.07,4.81,184.81,7.14,118.73
2025-01-02 02:40:00,21.41,49.37,11.51,5.06,147.67,9.65,0.0
2025-01-02 02:50:00,22.48,57.25,13.43,5.34,205.41,6.44,115.42
2025-01-02 03:00:00,23.95,62.42,16.49,9.28,150.69,11.37,513.7
2025-01-02 03:10:00,24.17,53.39,14.46,5.09,140.58,9.09,0.0
2025-01-02 03:20:00,21.79,78.03,18.69,7.36,150.63,10.75,278.03
2025-01-02 03:30:00,23.56,64.99,17.0,4.86,205.83,6.37,50.58
2025-01-02 03:40:00,21.37,69.89,15.89,7.38,162.18,9.8,64.06
2025-01-02 03:50:00,21.83,65.92,12.88,6.56,141.14,8.76,42.57
2025-01-02 04:00:00,22.41,72.8,16.92,5.74,196.49,8.23,130.43
2025-01-02 04:10:00,21.92,54.76,14.54,5.85,237.72,7.35,116.8
2025-01-02 04:20:00,25.98,38.69,14.78,4.94,168.72,7.05,0.0
2025-01-02 04:30:00,25.3,54.11,14.65,6.43,203.23,7.03,54.65
2025-01-02 04:40:00,25.82,60.67,17.7,5.11,194.99,7.45,32.87
2025-01-02 04:50:00,24.13,59.34,15.04,3.98,136.22,6.63,0.0
2025-01-02 05:00:00,26.16,58.38,19.21,3.86,157.06,5.83,201.45
2025-01-02 05:10:00,21.59,69.81,15.75,5.84,109.96,6.42,57.55
2025-01-02 05:20:00,26.32,58.99,17.5,7.75,146.42,10.94,172.38
2025-01-02 05:30:00,25.08,63.02,17.71,5.72,130.43,8.28,134.41
2025-01-02 05:40:00,25.89,50.12,13.83,5.28,137.02,6.75,0.0
2025-01-02 05:50:00,25.45,49.43,14.46,5.8,123.66,7.72,121.78
2025-01-02 06:00:00,23.22,70.4,17.33,7.18,138.66,7.88,0.0
2025-01-02 06:10:00,22.3,60.63,15.11,5.61,166.17,6.78,0.0
2025-01-02 06:20:00,23.72,54.29,13.02,4.68,142.2,6.34,97.01
2025-01-02 06:30:00,26.02,52.24,16.16,6.76,79.99,10.19,221.23
2025-01-02 06:40:00,26.24,51.84,17.42,5.77,118.01,7.33,0.0
2025-01-02 06:50:00,22.54,54.75,12.33,7.27,89.85,10.11,53.15
2025-01-02 07:00:00,23.0,50.32,13.24,5.33,150.49,7.0,69.26
2025-01-02 07:10:00,23.46,48.38,13.19,3.32,158.51,5.77,0.0
2025-01-02 07:20:00,24.12,56.93,16.88,3.08,148.84,5.14,0.0
2025-01-02 07:30:00,22.31,55.77,13.28,7.27,111.29,10.34,202.74
2025-01-02 07:40:00,22.2,67.77,15.62,7.33,146.5,8.99,87.69
2025-01-02 07:50:00,23.28,61.1,16.19,4.62,120.43,5.25,0.0
2025-01-02 08:00:00,24.22,60.06,15.17,4.3,96.11,5.12,0.0
2025-01-02 08:10:00,21.94,55.05,12.77,6.85,160.99,8.52,94.95
2025-01-02 08:20:00,23.85,57.68,15.03,3.22,162.76,4.17,0.0
2025-01-02 08:30:00,25.97,59.16,17.69,3.48,166.47,6.09,0.0
2025-01-02 08:40:00,21.72,65.47,15.49,5.6,111.12,7.33,0.0
2025-01-02 08:50:00,23.69,58.02,15.74,4.11,172.87,8.69,141.66
2025-01-02 09:00:00,24.79,65.24,17.24,4.62,113.52,5.09,191.12
2025-01-02 09:10:00,22.2,60.08,14.32,4.37,152.9,6.78,0.0
2025-01-02 09:20:00,21.92,65.82,16.27,5.04,111.4,6.12,35.94
2025-01-02 09:30:00,25.04,54.03,15.19,6.51,120.72,8.22,0.0
2025-01-02 09:40:00,22.4,47.15,11.95,4.64,43.13,6.98,0.0
2025-01-02 09:50:00,24.94,59.43,16.67,5.39,116.65,5.39,175.86
2025-01-02 10:00:00,22.27,65.03,15.23,1.59,129.77,4.03,0.0
2025-01-02 10:10:00,20.88,65.23,12.62,4.37,111.62,8.47,0.0
2025-01-02 10:20:00,22.36,62.83,16.06,3.24,186.86,4.98,0.0
2025-01-02 10:30:00,22.08,57.69,13.0,2.69,84.16,5.15,97.43
2025-01-02 10:40:00,23.34,53.35,14.83,3.14,104.59,6.37,0.0
2025-01-02 10:50:00,20.51,65.4,13.1,3.89,92.16,5.92,0.0
2025-01-02 11:00:00,19.89,65.09,12.4,5.62,103.63,7.24,25.72
2025-01-02 11:10:00,19.7,58.34,12.34,2.46,159.03,2.46,0.0
2025-01-02 11:20:00,21.08,68.79,15.63,4.34,174.25,7.18,77.41
2025-01-02 11:30:00,17.97,57.65,9.66,3.61,97.62,5.69,102.54
2025-01-02 11:40:00,21.64,56.44,13.54,3.81,96.5,5.0,0.0
2025-01-02 11:50:00,20.65,72.87,14.99,5.66,80.99,7.99,209.17
2025-01-02 12:00:00,15.63,72.01,10.03,5.0,166.92,6.62,0.0
2025-01-02 12:10:00,20.17,59.34,11.51,6.11,160.18,7.78,159.26
2025-01-02 12:20:00,22.02,62.19,15.18,4.01,117.01,6.82,14.45
2025-01-02 12:30:00,19.8,63.26,11.9,3.25,71.66,4.11,0.0
2025-01-02 12:40:00,20.57,42.27,10.21,3.9,74.63,7.15,0.0
2025-01-02 12:50:00,18.15,57.32,9.36,4.55,126.2,5.35,3.29
2025-01-02 13:00:00,13.2,67.77,6.77,4.45,139.35,5.99,22.78
2025-01-02 13:10:00,12.87,65.92,6.66,2.68,47.74,6.81,0.0
2025-01-02 13:20:00,16.65,66.75,10.02,4.33,108.77,7.65,0.0
2025-01-02 13:30:00,15.12,74.3,9.74,4.52,176.64,6.82,0.0
2025-01-02 13:40:00,14.54,64.66,7.45,7.73,112.41,8.98,71.11
2025-01-02 13:50:00,16.08,58.13,8.42,6.83,172.21,8.5,23.42
2025-01-02 14:00:00,15.61,68.23,8.72,3.01,142.87,5.28,0.0
2025-01-02 14:10:00,11.89,67.02,5.19,3.81,82.31,6.05,0.0
2025-01-02 14:20:00,13.69,66.58,7.02,2.17,110.16,4.28,36.76
2025-01-02 14:30:00,17.22,62.46,10.4,3.4,116.08,5.57,10.36
2025-01-02 14:40:00,12.56,84.38,9.36,4.67,87.45,6.66,175.56
2025-01-02 14:50:00,16.07,49.86,7.48,5.93,87.07,6.69,0.0
2025-01-02 15:00:00,12.18,66.32,5.32,3.23,174.02,4.91,39.91
2025-01-02 15:10:00,14.03,67.34,7.31,3.35,87.37,6.46,0.61
2025-01-02 15:20:00,15.03,61.01,7.09,1.27,159.65,2.1,69.33
2025-01-02 15:30:00,14.38,73.35,8.0,4.06,106.98,6.07,62.88
2025-01-02 15:40:00,14.69,72.47,8.35,2.82,121.74,4.2,0.0
2025-01-02 15:50:00,10.98,69.79,4.51,3.58,142.72,5.89,15.0
2025-01-02 16:00:00,13.94,65.56,7.96,3.11,102.55,4.92,0.0
2025-01-02 16:10:00,10.4,69.85,4.35,4.23,143.85,7.9,55.22
2025-01-02 16:20:00,12.4,68.1,5.64,1.92,52.85,4.62,0.0
2025-01-02 16:30:00,12.4,68.29,7.04,2.35,140.39,3.23,66.03
2025-01-02 16:40:00,12.81,67.15,7.48,7.4,39.16,10.27,139.16
2025-01-02 16:50:00,12.54,70.48,7.64,2.64,118.21,4.07,0.0
2025-01-02 17:00:00,9.72,76.52,4.34,2.94,156.66,4.56,0.0
2025-01-02 17:10:00,8.81,63.46,1.1,7.07,149.19,9.58,97.74
2025-01-02 17:20:00,12.81,61.12,6.48,8.59,82.63,10.3,399.03
2025-01-02 17:30:00,11.57,57.34,3.23,2.91,87.84,6.0,274.85
2025-01-02 17:40:00,13.31,74.09,7.91,4.06,105.4,5.49,105.68
2025-01-02 17:50:00,11.16,71.71,6.07,5.09,136.77,6.67,0.0
2025-01-02 18:00:00,8.47,75.91,4.46,7.06,59.91,8.6,164.26
2025-01-02 18:10:00,12.74,58.53,3.99,3.29,131.37,4.93,57.27
2025-01-02 18:20:00,10.33,83.19,7.15,4.36,143.56,7.66,0.0
2025-01-02 18:30:00,11.62,65.28,5.41,5.83,123.61,8.66,0.0
2025-01-02 18:40:00,9.83,72.33,3.37,5.38,152.78,9.29,17.03
2025-01-02 18:50:00,13.96,73.42,8.65,4.29,143.13,8.75,72.16
2025-01-02 19:00:00,9.66,64.4,1.65,4.66,117.27,5.83,0.0
2025-01-02 19:10:00,10.63,66.61,3.17,2.96,69.41,5.23,0.0
2025-01-02 19:20:00,11.43,70.97,5.17,4.59,142.82,5.62,55.35
2025-01-02 19:30:00,9.27,91.66,7.99,4.59,105.79,6.02,10.23
2025-01-02 19:40:00,11.83,71.46,5.87,5.33,119.92,6.9,141.34
2025-01-02 19:50:00,14.14,78.52,9.32,4.27,157.98,5.41,0.0
2025-01-02 20:00:00,11.05,78.49,6.79,5.75,191.88,6.9,234.35
2025-01-02 20:10:00,12.65,71.19,5.97,6.55,142.02,8.61,0.0
2025-01-02 20:20:00,6.99,66.79,0.69,5.4,163.85,6.38,0.0
2025-01-02 20:30:00,11.87,76.74,8.12,5.72,95.03,8.76,28.1
2025-01-02 20:40:00,11.37,59.28,3.17,5.34,155.32,6.63,0.0
2025-01-02 20:50:00,10.46,81.79,6.66,5.32,145.79,10.33,17.23
2025-01-02 21:00:00,15.0,67.9,8.88,4.35,192.09,6.1,0.0
2025-01-02 21:10:00,12.46,50.23,0.89,5.85,131.35,8.13,21.78
2025-01-02 21:20:00,12.73,66.16,6.39,5.32,143.03,6.23,0.0
2025-01-02 21:30:00,12.37,73.44,9.54,8.44,189.78,12.35,302.75
2025-01-02 21:40:00,9.6,69.7,3.44,7.76,150.75,11.08,151.45
2025-01-02 21:50:00,11.01,75.09,5.94,6.15,116.42,8.65,145.45
2025-01-02 22:00:00,16.23,59.44,8.71,4.59,245.82,5.45,0.0
2025-01-02 22:10:00,10.7,61.23,4.26,4.16,120.06,6.57,0.0
2025-01-02 22:20:00,13.12,67.69,7.44,7.43,156.85,8.51,0.48
2025-01-02 22:30:00,13.78,67.82,5.62,6.19,172.58,9.85,38.8
2025-01-02 22:40:00,17.64,61.69,10.43,6.54,171.15,9.55,0.0
2025-01-02 22:50:00,15.88,74.3,12.8,3.48,156.49,5.78,0.0
2025-01-02 23:00:00,15.19,60.38,7.76,7.28,158.02,7.28,174.24
2025-01-02 23:10:00,18.54,65.51,10.71,6.67,157.64,7.89,0.0
2025-01-02 23:20:00,14.86,67.11,8.5,4.54,128.18,7.42,126.02
2025-01-02 23:30:00,18.0,52.9,7.56,5.49,243.89,8.9,38.95
2025-01-02 23:40:00,13.74,58.4,6.41,6.57,162.34,9.88,71.52
2025-01-02 23:50:00,18.12,63.78,10.11,6.33,192.34,6.94,0.0
2025-01-03 00:00:00,17.27,78.33,12.99,5.91,161.15,8.41,105.52
2025-01-03 00:10:00,16.15,69.52,9.37,6.23,161.87,9.44,55.28
2025-01-03 00:20:00,17.61,52.07,7.59,6.08,159.78,6.62,0.0
2025-01-03 00:30:00,18.5,41.58,8.0,6.7,122.92,8.89,100.72
2025-01-03 00:40:00,17.11,69.73,11.14,8.6,172.99,11.08,147.92
2025-01-03 00:50:00,19.0,62.23,11.0,3.01,165.81,4.91,0.0
2025-01-03 01:00:00,18.76,71.1,12.07,6.33,222.52,6.68,0.0
2025-01-03 01:10:00,20.93,55.0,10.43,6.97,141.09,8.84,132.81
2025-01-03 01:20:00,20.61,63.9,12.39,7.19,164.23,9.06,121.45
2025-01-03 01:30:00,19.7,68.19,13.43,6.32,154.45,8.37,149.38
2025-01-03 01:40:00,19.02,59.75,11.75,4.43,237.85,6.07,0.0
2025-01-03 01:50:00,20.08,58.94,11.42,7.41,158.4,9.17,190.83
2025-01-03 02:00:00,22.49,59.94,15.73,9.43,209.97,11.59,429.74
2025-01-03 02:10:00,25.21,61.11,16.86,4.92,225.72,7.57,0.0
2025-01-03 02:20:00,23.19,59.03,14.81,8.34,188.11,10.23,284.22
2025-01-03 02:30:00,23.26,65.89,15.57,6.73,146.5,8.52,80.01
2025-01-03 02:40:00,27.06,52.41,18.33,7.16,148.41,9.45,65.54
2025-01-03 02:50:00,22.43,50.52,14.21,5.83,227.71,6.11,41.05
2025-01-03 03:00:00,23.82,72.4,16.89,6.89,154.95,9.57,86.63
2025-01-03 03:10:00,24.22,53.97,14.73,9.24,214.24,11.44,388.73
2025-01-03 03:20:00,21.13,57.0,13.55,8.29,205.97,10.53,210.25
2025-01-03 03:30:00,22.15,59.6,12.91,9.96,216.61,13.12,446.78
2025-01-03 03:40:00,22.04,60.64,14.62,9.24,221.36,9.49,408.42
2025-01-03 03:50:00,24.12,55.59,16.21,8.27,173.6,8.49,173.13
2025-01-03 04:00:00,23.75,58.5,15.51,10.15,173.56,12.62,517.36
2025-01-03 04:10:00,24.31,57.84,16.32,8.38,234.14,10.57,236.84
2025-01-03 04:20:00,26.02,57.81,18.99,8.98,188.5,11.35,415.9
2025-01-03 04:30:00,25.62,40.44,15.26,7.46,115.67,9.2,162.59
2025-01-03 04:40:00,23.77,71.77,18.08,8.03,236.02,10.89,164.66
2025-01-03 04:50:00,22.86,58.4,14.11,7.01,178.42,10.14,58.11
2025-01-03 05:00:00,26.8,59.94,18.06,9.43,232.41,12.11,493.0
2025-01-03 05:10:00,26.15,46.81,16.3,6.45,266.16,8.39,0.0
2025-01-03 05:20:00,21.87,57.02,12.18,9.25,219.34,9.34,470.46
2025-01-03 05:30:00,24.2,53.52,14.7,7.94,254.94,10.91,39.56
2025-01-03 05:40:00,25.06,67.73,18.69,9.9,226.79,13.32,421.74
2025-01-03 05:50:00,26.16,52.35,16.23,9.36,278.27,12.2,381.44
2025-01-03 06:00:00,26.64,61.33,19.13,10.91,186.83,12.23,1002.16
2025-01-03 06:10:00,25.51,52.49,18.06,9.43,224.99,12.31,582.84
2025-01-03 06:20:00,26.05,53.38,16.63,6.26,250.09,9.32,117.34
2025-01-03 06:30:00,25.12,55.68,15.9,8.42,221.11,12.18,293.1
2025-01-03 06:40:00,23.79,67.58,18.12,6.92,269.33,8.24,0.0
2025-01-03 06:50:00,24.53,44.69,13.66,7.88,215.09,9.86,205.76
2025-01-03 07:00:00,24.8,48.47,15.64,10.77,303.83,13.72,729.27
2025-01-03 07:10:00,24.7,44.14,13.66,9.6,306.86,11.85,404.86
2025-01-03 07:20:00,21.37,53.16,11.8,7.77,243.61,8.85,192.65
2025-01-03 07:30:00,24.05,52.68,13.15,7.38,254.21,9.99,98.43
2025-01-03 07:40:00,24.86,46.32,12.83,8.89,277.69,11.66,410.84
2025-01-03 07:50:00,24.26,53.03,13.39,7.18,195.53,9.47,0.0
2025-01-03 08:00:00,23.62,44.64,12.85,7.99,192.24,10.41,211.34
2025-01-03 08:10:00,24.94,50.43,13.94,9.41,283.19,11.35,359.64
2025-01-03 08:20:00,22.12,68.49,16.82,10.63,249.83,14.31,698.58
2025-01-03 08:30:00,21.13,63.81,13.92,9.9,233.33,11.2,569.46
2025-01-03 08:40:00,23.44,60.22,15.28,5.88,242.63,7.49,0.0
2025-01-03 08:50:00,25.44,50.09,14.78,9.55,159.7,11.77,479.38
2025-01-03 09:00:00,25.99,45.86,15.66,9.27,237.48,12.35,388.75
2025-01-03 09:10:00,24.36,50.1,13.73,9.78,218.71,10.48,459.48
2025-01-03 09:20:00,20.31,61.42,11.8,11.5,278.09,12.39,975.47
2025-01-03 09:30:00,22.53,65.8,16.64,6.38,281.65,6.55,50.95
2025-01-03 09:40:00,23.41,65.25,16.74,8.48,267.86,10.71,206.65
2025-01-03 09:50:00,23.27,63.47,15.78,10.17,262.33,11.25,609.08
2025-01-03 10:00:00,22.47,54.61,13.91,7.16,196.88,8.97,95.1
2025-01-03 10:10:00,19.85,62.31,12.32,11.47,270.72,14.33,951.84
2025-01-03 10:20:00,21.62,58.3,13.58,9.95,272.82,11.51,689.39
2025-01-03 10:30:00,22.26,58.56,13.32,10.65,295.09,13.08,773.97
2025-01-03 10:40:00,22.99,73.57,19.36,8.69,326.33,10.59,271.71
2025-01-03 10:50:00,20.05,49.62,9.51,10.65,193.61,13.53,753.37
2025-01-03 11:00:00,19.19,61.09,12.65,11.04,239.89,13.71,770.23
2025-01-03 11:10:00,14.94,75.03,9.8,9.89,228.11,11.4,503.41
2025-01-03 11:20:00,18.69,52.91,9.92,9.91,260.7,11.95,519.27
2025-01-03 11:30:00,18.87,58.51,11.16,9.99,255.68,13.23,457.8
2025-01-03 11:40:00,17.98,60.12,10.92,8.42,247.54,11.01,296.18
2025-01-03 11:50:00,20.11,60.34,11.5,9.44,292.19,10.25,398.97
2025-01-03 12:00:00,17.9,52.72,9.3,9.45,218.13,12.31,414.09
2025-01-03 12:10:00,13.93,71.63,9.74,10.22,220.67,11.34,574.09
2025-01-03 12:20:00,18.39,68.11,11.8,11.1,221.67,14.71,1130.06
2025-01-03 12:30:00,16.33,68.86,10.13,8.23,245.28,11.46,180.62
2025-01-03 12:40:00,18.87,56.92,9.84,9.55,215.23,12.04,289.54
2025-01-03 12:50:00,15.69,66.48,8.71,11.82,256.84,14.17,996.48
2025-01-03 13:00:00,16.24,59.09,9.43,8.71,253.03,10.7,372.59
2025-01-03 13:10:00,15.68,63.56,7.59,8.61,231.55,11.49,405.74
2025-01-03 13:20:00,16.73,80.01,11.98,10.06,289.88,11.88,522.52
2025-01-03 13:30:00,16.41,65.9,10.88,10.96,257.41,13.4,942.94
2025-01-03 13:40:00,15.73,57.53,7.73,9.8,296.85,12.87,583.25
2025-01-03 13:50:00,13.42,69.18,8.96,11.65,252.96,13.29,1054.38
2025-01-03 14:00:00,11.84,59.88,3.46,10.99,259.04,12.58,822.51
2025-01-03 14:10:00,13.45,59.5,5.45,10.98,240.26,11.98,854.27
2025-01-03 14:20:00,14.49,59.68,5.89,10.58,259.74,11.71,793.15
2025-01-03 14:30:00,13.41,64.83,6.48,13.06,284.93,13.43,1715.93
2025-01-03 14:40:00,15.63,72.5,8.71,9.51,245.58,12.44,398.88
2025-01-03 14:50:00,14.0,71.45,8.84,6.99,278.07,11.0,90.34
2025-01-03 15:00:00,11.31,73.48,6.27,12.04,231.39,15.66,1389.29
2025-01-03 15:10:00,12.55,61.01,4.71,9.15,286.29,9.72,405.48
2025-01-03 15:20:00,13.46,64.1,5.96,9.93,239.28,12.86,624.97
2025-01-03 15:30:00,13.64,69.63,6.85,11.61,289.21,15.23,1100.67
2025-01-03 15:40:00,16.43,60.81,9.18,7.52,261.33,9.27,176.34
2025-01-03 15:50:00,11.85,67.39,4.39,8.01,312.19,10.31,216.59
2025-01-03 16:00:00,11.81,72.46,6.71,7.51,218.3,7.7,227.48
2025-01-03 16:10:00,12.7,66.12,7.59,8.62,206.72,11.09,355.08
2025-01-03 16:20:00,11.9,70.88,7.26,10.34,236.5,11.47,675.53
2025-01-03 16:30:00,11.04,81.22,6.08,10.44,209.24,12.84,622.32
2025-01-03 16:40:00,9.15,70.56,2.83,10.08,208.92,10.72,619.26
2025-01-03 16:50:00,11.02,78.34,7.02,7.7,278.66,10.44,165.71
2025-01-03 17:00:00,9.31,75.54,4.36,6.42,256.31,9.65,40.15
2025-01-03 17:10:00,8.13,62.41,-0.51,9.72,239.19,11.13,728.23
2025-01-03 17:20:00,9.81,63.46,2.81,8.96,241.93,10.02,218.85
2025-01-03 17:30:00,9.35,65.75,2.5,10.24,234.04,10.28,708.96
2025-01-03 17:40:00,12.29,62.96,6.41,10.56,312.14,12.49,640.27
2025-01-03 17:50:00,12.32,68.28,5.77,9.75,228.05,11.36,518.4
2025-01-03 18:00:00,9.37,75.87,5.48,10.59,206.9,11.24,941.35
2025-01-03 18:10:00,10.53,79.31,5.38,9.82,280.39,12.47,442.97
2025-01-03 18:20:00,7.66,75.27,1.89,10.22,244.3,11.97,559.59
2025-01-03 18:30:00,10.11,67.78,4.24,8.46,322.51,9.58,267.49
2025-01-03 18:40:00,11.72,54.88,3.56,9.17,232.01,10.81,315.39
2025-01-03 18:50:00,12.48,69.26,5.57,9.66,279.28,12.93,563.94
2025-01-03 19:00:00,9.96,71.22,4.22,10.5,286.77,13.31,653.11
2025-01-03 19:10:00,13.13,69.46,5.92,8.77,229.84,10.84,373.47
2025-01-03 19:20:00,8.51,87.08,5.78,10.02,221.25,12.84,458.78
2025-01-03 19:30:00,8.99,80.59,5.78,8.88,272.35,9.92,183.09
2025-01-03 19:40:00,12.52,74.23,7.01,9.06,265.64,11.29,347.67
2025-01-03 19:50:00,14.25,60.44,6.14,10.35,195.24,12.69,521.84
2025-01-03 20:00:00,12.83,64.87,4.9,6.36,204.19,8.09,191.58
2025-01-03 20:10:00,11.87,68.66,5.08,7.29,153.95,9.93,0.84
2025-01-03 20:20:00,7.99,67.38,2.87,6.99,262.59,8.41,17.18
2025-01-03 20:30:00,8.3,76.04,3.56,5.76,231.59,8.47,70.02
2025-01-03 20:40:00,12.17,71.54,5.68,8.04,234.06,10.79,161.72
2025-01-03 20:50:00,11.29,62.22,3.49,10.0,179.49,10.0,437.07
2025-01-03 21:00:00,11.06,78.42,5.47,8.51,199.19,11.9,449.31
2025-01-03 21:10:00,13.17,68.86,6.13,9.14,219.81,9.14,297.16
2025-01-03 21:20:00,13.26,55.96,5.54,10.34,211.9,11.93,637.52
2025-01-03 21:30:00,14.75,66.37,7.91,10.63,238.43,13.86,716.7
2025-01-03 21:40:00,13.3,70.0,8.81,8.63,253.58,10.51,355.27
2025-01-03 21:50:00,15.26,73.07,9.8,10.57,311.43,11.31,757.69
2025-01-03 22:00:00,14.51,64.57,7.4,8.76,230.11,9.87,245.83
2025-01-03 22:10:00,14.29,72.93,9.39,7.41,268.65,10.64,114.27
2025-01-03 22:20:00,16.42,66.54,7.58,7.7,199.34,7.98,152.71
2025-01-03 22:30:00,12.74,59.33,4.77,6.41,168.53,9.74,129.41
2025-01-03 22:40:00,19.57,52.48,10.02,7.19,213.58,9.34,22.53
2025-01-03 22:50:00,15.18,74.2,11.2,7.88,168.72,8.89,364.14
2025-01-03 23:00:00,16.87,73.19,12.28,9.46,223.87,11.08,380.92
2025-01-03 23:10:00,17.13,66.84,9.59,10.69,194.74,11.87,751.35
2025-01-03 23:20:00,19.57,72.86,15.13,6.29,152.35,9.36,0.0
2025-01-03 23:30:00,17.61,71.54,11.71,8.73,280.19,11.66,200.12
2025-01-03 23:40:00,13.3,72.82,7.14,6.67,199.27,7.15,7.16
2025-01-03 23:50:00,18.71,56.78,10.23,8.73,159.42,10.53,229.13
2025-01-04 00:00:00,17.39,76.47,12.52,7.83,246.81,9.17,151.21
2025-01-04 00:10:00,18.19,67.38,12.9,5.4,188.5,8.89,0.0
2025-01-04 00:20:00,15.7,63.17,8.6,9.2,250.78,10.05,453.89
2025-01-04 00:30:00,18.95,58.27,10.77,7.0,185.56,10.81,39.39
2025-01-04 00:40:00,16.83,66.65,10.88,7.05,190.89,9.21,33.46
2025-01-04 00:50:00,18.18,51.94,9.44,6.24,220.48,7.28,22.76
2025-01-04 01:00:00,19.3,67.53,13.43,6.76,227.76,8.29,172.52
2025-01-04 01:10:00,23.28,52.38,14.89,8.22,232.46,9.62,253.6
2025-01-04 01:20:00,23.38,61.55,16.18,7.3,200.99,8.23,122.98
2025-01-04 01:30:00,19.9,58.44,11.72,7.97,221.19,10.26,80.84
2025-01-04 01:40:00,19.93,60.21,12.96,7.96,227.34,8.93,104.15
2025-01-04 01:50:00,19.14,57.48,10.56,9.24,206.82,9.26,293.1
2025-01-04 02:00:00,23.49,57.73,15.06,6.85,193.35,8.67,205.69
2025-01-04 02:10:00,20.91,74.41,17.17,5.21,146.3,5.6,62.88
2025-01-04 02:20:00,20.74,71.03,16.24,8.71,216.39,10.16,234.64
2025-01-04 02:30:00,23.26,61.55,15.56,6.69,195.44,7.99,35.36
2025-01-04 02:40:00,20.53,61.34,12.44,8.66,178.02,9.99,229.58
2025-01-04 02:50:00,21.43,66.62,15.93,7.58,235.75,11.78,83.27
2025-01-04 03:00:00,20.1,69.82,14.71,6.8,139.59,9.06,129.74
2025-01-04 03:10:00,24.22,52.4,14.95,7.41,245.63,9.86,117.52
2025-01-04 03:20:00,26.44,55.66,17.32,9.6,185.85,10.02,651.34
2025-01-04 03:30:00,24.25,45.42,13.6,9.71,196.28,11.26,606.59
2025-01-04 03:40:00,25.58,64.84,18.53,6.85,169.87,9.26,205.27
2025-01-04 03:50:00,21.43,75.17,15.93,6.91,123.89,8.09,156.16
2025-01-04 04:00:00,24.49,58.52,16.3,8.14,175.9,11.25,188.28
2025-01-04 04:10:00,22.36,45.0,11.58,5.39,191.05,6.39,73.36
2025-01-04 04:20:00,23.65,62.98,15.95,6.98,201.55,8.9,74.69
2025-01-04 04:30:00,25.45,50.76,16.33,6.42,169.51,8.04,204.78
2025-01-04 04:40:00,24.25,53.54,15.98,6.84,98.27,9.2,127.94
2025-01-04 04:50:00,21.52,65.02,15.3,5.18,119.62,6.74,39.34
2025-01-04 05:00:00,22.39,61.63,14.5,4.06,243.98,5.99,12.77
2025-01-04 05:10:00,22.28,56.54,14.19,3.33,132.5,5.29,147.98
2025-01-04 05:20:00,25.65,52.37,16.18,4.61,219.28,6.07,0.0
2025-01-04 05:30:00,28.48,55.25,18.54,5.48,135.24,8.16,181.32
2025-01-04 05:40:00,27.21,52.64,18.28,5.65,160.16,8.09,14.99
2025-01-04 05:50:00,21.35,53.02,12.07,8.72,187.05,10.83,189.66
2025-01-04 06:00:00,27.56,52.87,20.21,7.5,135.1,9.27,86.75
2025-01-04 06:10:00,26.69,58.36,19.52,4.55,218.18,7.55,0.0
2025-01-04 06:20:00,22.22,58.76,14.54,6.33,163.76,8.3,116.66
2025-01-04 06:30:00,24.45,48.1,14.27,5.22,175.91,7.11,0.0
2025-01-04 06:40:00,26.97,62.65,19.63,5.34,149.1,7.65,35.53
2025-01-04 06:50:00,25.99,37.44,12.68,5.95,180.22,9.84,138.66
2025-01-04 07:00:00,22.41,56.71,12.36,6.5,211.13,7.36,13.85
2025-01-04 07:10:00,25.86,52.38,15.64,5.11,150.0,8.08,0.0
2025-01-04 07:20:00,20.91,62.21,13.32,7.02,213.88,7.33,0.0
2025-01-04 07:30:00,24.36,62.01,15.08,3.89,130.69,6.3,0.0
2025-01-04 07:40:00,26.81,63.76,19.13,5.44,177.62,9.22,242.92
2025-01-04 07:50:00,24.79,52.7,15.14,9.02,166.79,11.71,427.34
2025-01-04 08:00:00,23.16,63.26,15.64,5.65,111.08,8.02,8.3
2025-01-04 08:10:00,25.66,58.27,16.79,7.3,154.79,8.94,79.3
2025-01-04 08:20:00,25.82,44.78,14.5,5.37,146.41,7.61,18.5
2025-01-04 08:30:00,26.42,69.53,21.7,6.01,115.16,7.96,56.3
2025-01-04 08:40:00,25.64,46.86,15.54,5.08,156.43,6.49,0.0
2025-01-04 08:50:00,26.01,59.53,17.47,4.87,147.93,6.78,55.93
2025-01-04 09:00:00,24.27,60.89,16.39,3.98,139.2,6.38,0.0
2025-01-04 09:10:00,23.43,60.84,15.57,5.63,138.28,7.06,0.0
2025-01-04 09:20:00,23.11,55.74,13.64,3.79,136.5,5.19,32.29
2025-01-04 09:30:00,22.52,65.52,15.01,5.88,125.78,6.72,0.0
2025-01-04 09:40:00,20.77,50.39,11.65,6.43,142.55,9.02,128.42
2025-01-04 09:50:00,21.23,60.43,12.98,5.38,114.16,8.13,21.1
2025-01-04 10:00:00,20.99,57.16,11.55,4.43,228.75,6.86,0.0
2025-01-04 10:10:00,21.93,55.52,13.0,5.43,85.52,8.59,33.0
2025-01-04 10:20:00,24.09,61.32,16.45,4.33,113.49,6.61,0.0
2025-01-04 10:30:00,21.42,68.26,13.5,6.03,115.38,8.63,105.06
2025-01-04 10:40:00,23.31,56.62,14.6,2.13,203.66,4.63,0.0
2025-01-04 10:50:00,23.44,64.37,17.01,4.19,85.22,6.3,160.11
2025-01-04 11:00:00,19.4,62.89,12.33,1.84,145.54,3.51,91.06
2025-01-04 11:10:00,20.88,54.96,13.66,2.5,138.57,6.92,0.0
2025-01-04 11:20:00,19.37,60.76,12.53,6.47,140.81,8.22,0.0
2025-01-04 11:30:00,22.19,57.93,14.94,5.79,171.7,7.32,0.0
2025-01-04 11:40:00,20.96,56.26,14.45,3.5,170.29,6.14,0.0
2025-01-04 11:50:00,17.67,67.1,11.69,2.38,111.3,4.83,155.19
2025-01-04 12:00:00,18.29,65.18,11.46,0.31,133.24,1.1,0.0
2025-01-04 12:10:00,20.97,50.0,11.74,3.67,60.61,7.0,79.84
2025-01-04 12:20:00,17.67,52.53,7.73,7.8,128.75,9.91,158.54
2025-01-04 12:30:00,18.81,66.05,12.1,5.0,96.95,6.09,0.0
2025-01-04 12:40:00,18.98,57.21,9.91,3.59,117.7,6.97,0.0
2025-01-04 12:50:00,16.13,67.59,9.97,5.0,64.74,7.83,107.29
2025-01-04 13:00:00,17.11,70.07,10.6,2.15,137.44,3.08,26.49
2025-01-04 13:10:00,13.68,58.79,4.89,3.9,63.46,7.87,0.0
2025-01-04 13:20:00,15.06,56.56,6.71,4.44,127.64,7.3,142.82
2025-01-04 13:30:00,18.12,75.41,13.1,4.16,79.15,6.35,0.0
2025-01-04 13:40:00,16.83,67.31,8.75,5.38,92.0,9.17,0.0
2025-01-04 13:50:00,15.64,62.99,7.07,4.74,161.84,7.1,0.0
2025-01-04 14:00:00,15.3,59.69,6.32,5.18,141.72,7.35,71.08
2025-01-04 14:10:00,14.39,63.47,6.38,3.27,161.12,4.81,8.62
2025-01-04 14:20:00,14.52,58.6,6.57,5.48,175.27,8.27,33.83
2025-01-04 14:30:00,15.68,72.07,10.27,6.5,93.44,9.18,36.63
2025-01-04 14:40:00,13.19,62.69,6.58,2.86,172.8,5.07,0.0
2025-01-04 14:50:00,14.57,74.54,10.08,2.97,68.91,4.38,0.0
2025-01-04 15:00:00,12.49,65.96,6.54,6.07,146.22,8.4,87.4
2025-01-04 15:10:00,10.2,63.52,3.39,3.93,102.78,6.06,55.67
2025-01-04 15:20:00,11.39,66.76,4.91,6.17,87.45,7.03,32.8
2025-01-04 15:30:00,15.87,47.35,6.22,3.58,141.51,4.31,80.98
2025-01-04 15:40:00,13.74,66.79,7.84,6.24,153.1,9.0,49.41
2025-01-04 15:50:00,10.67,69.21,4.81,4.39,152.12,4.39,0.0
2025-01-04 16:00:00,9.17,77.52,5.69,4.57,127.69,6.97,23.24
2025-01-04 16:10:00,11.74,56.23,1.11,6.4,124.91,8.12,0.0
2025-01-04 16:20:00,14.75,74.86,9.49,3.71,138.88,7.22,20.38
2025-01-04 16:30:00,11.6,75.3,6.42,2.91,131.25,4.61,0.0
2025-01-04 16:40:00,14.29,75.9,10.39,3.61,139.78,6.46,0.0
2025-01-04 16:50:00,12.57,68.32,7.49,4.88,128.21,6.68,0.0
2025-01-04 17:00:00,12.09,76.22,6.17,2.06,150.84,4.38,0.0
2025-01-04 17:10:00,8.83,61.75,2.31,5.16,64.69,8.09,153.43
2025-01-04 17:20:00,12.93,73.36,6.66,3.52,117.38,5.26,0.0
2025-01-04 17:30:00,10.64,65.03,2.73,5.9,73.9,9.1,95.03
2025-01-04 17:40:00,12.79,56.93,3.99,0.96,132.41,2.16,199.95
2025-01-04 17:50:00,9.77,63.34,2.19,3.22,180.61,5.72,34.36
2025-01-04 18:00:00,11.32,69.85,4.04,1.98,107.0,5.11,0.0
2025-01-04 18:10:00,11.63,63.76,4.91,3.21,128.52,6.07,0.0
2025-01-04 18:20:00,10.72,72.98,5.86,4.73,151.05,8.85,8.61
2025-01-04 18:30:00,11.73,56.79,3.93,4.15,52.74,5.59,0.0
2025-01-04 18:40:00,10.52,55.64,1.3,4.07,107.4,4.89,0.0
2025-01-04 18:50:00,9.83,80.76,5.95,4.23,139.03,5.43,86.81
2025-01-04 19:00:00,14.13,73.61,8.83,4.76,25.5,7.62,96.24
2025-01-04 19:10:00,13.13,60.84,6.65,3.09,93.35,5.79,0.0
2025-01-04 19:20:00,9.87,71.1,1.82,5.52,166.75,7.82,0.0
2025-01-04 19:30:00,12.26,76.1,6.72,5.48,164.02,6.56,0.0
2025-01-04 19:40:00,9.9,74.02,4.71,5.13,142.75,8.09,66.78
2025-01-04 19:50:00,9.11,72.84,2.81,5.4,161.28,6.37,119.88
2025-01-04 20:00:00,13.8,75.25,8.64,5.06,138.72,8.42,244.17
2025-01-04 20:10:00,8.87,66.9,2.15,7.53,151.44,12.59,113.96
2025-01-04 20:20:00,13.61,67.97,6.67,4.59,121.78,7.16,0.0
2025-01-04 20:30:00,11.48,69.54,5.44,4.32,137.74,7.1,53.81
2025-01-04 20:40:00,11.56,67.69,5.6,3.73,112.44,5.44,0.0
2025-01-04 20:50:00,12.68,65.86,5.66,3.37,179.7,3.76,0.0
2025-01-04 21:00:00,14.1,67.82,7.3,3.11,189.67,4.71,0.0
2025-01-04 21:10:00,11.56,69.83,5.4,3.65,185.67,4.76,0.0
2025-01-04 21:20:00,14.34,59.75,6.29,4.83,124.06,5.59,20.69
2025-01-04 21:30:00,13.25,73.68,6.6,5.44,105.97,9.36,8.57
2025-01-04 21:40:00,10.79,63.45,3.85,5.09,185.07,7.56,123.07
2025-01-04 21:50:00,12.74,67.0,5.78,3.98,160.46,6.56,2.05
2025-01-04 22:00:00,16.99,62.65,10.52,6.36,153.99,8.25,0.0
2025-01-04 22:10:00,17.52,66.74,11.34,6.18,121.4,8.21,31.12
2025-01-04 22:20:00,15.79,50.95,6.92,4.96,159.58,8.13,0.0
2025-01-04 22:30:00,12.36,75.11,6.57,4.32,107.82,6.49,0.0
2025-01-04 22:40:00,15.38,61.42,7.37,6.05,169.15,8.78,100.73
2025-01-04 22:50:00,16.03,74.11,9.86,5.59,196.38,7.59,7.63
2025-01-04 23:00:00,17.49,60.91,9.11,3.34,206.39,5.2,78.48
2025-01-04 23:10:00,17.6,63.82,11.37,5.33,175.31,6.12,0.0
2025-01-04 23:20:00,16.84,78.24,13.68,5.84,103.36,6.06,17.09
2025-01-04 23:30:00,16.06,63.61,7.86,4.26,159.87,6.2,0.0
2025-01-04 23:40:00,15.09,75.09,9.74,5.83,229.11,8.09,118.89
2025-01-04 23:50:00,12.77,68.78,6.47,3.58,125.09,4.5,57.51
2025-01-05 00:00:00,18.61,66.16,12.31,7.54,154.7,9.71,209.42
2025-01-05 00:10:00,18.33,63.99,9.72,7.47,207.54,9.72,278.64
2025-01-05 00:20:00,19.0,68.83,11.49,5.42,180.98,5.47,0.0
2025-01-05 00:30:00,15.59,61.17,8.22,6.34,247.51,7.62,174.91
2025-01-05 00:40:00,19.16,55.87,8.78,2.51,136.4,5.12,0.0
2025-01-05 00:50:00,21.7,56.0,12.54,4.32,128.76,6.9,0.0
2025-01-05 01:00:00,19.95,62.74,12.63,5.58,207.61,6.63,92.34
2025-01-05 01:10:00,19.7,60.72,12.18,4.54,124.28,6.9,0.0
2025-01-05 01:20:00,20.37,66.64,13.58,7.1,160.63,10.32,162.68
2025-01-05 01:30:00,23.47,68.01,16.78,8.95,166.62,11.93,357.27
2025-01-05 01:40:00,17.97,57.0,10.04,4.57,206.58,6.67,97.45
2025-01-05 01:50:00,20.18,56.7,11.75,5.1,193.23,6.83,10.18
2025-01-05 02:00:00,20.06,51.89,9.92,6.66,189.15,8.23,85.51
2025-01-05 02:10:00,20.52,75.75,15.7,8.64,160.49,11.31,339.61
2025-01-05 02:20:00,21.41,62.86,14.29,4.73,218.54,7.12,0.0
2025-01-05 02:30:00,23.93,61.83,17.66,6.85,318.36,9.68,34.06
2025-01-05 02:40:00,24.74,48.35,15.04,9.11,203.09,11.44,416.56
2025-01-05 02:50:00,22.31,59.92,15.26,4.3,183.84,7.32,1.15
2025-01-05 03:00:00,22.27,63.52,14.49,4.88,136.38,7.17,0.0
2025-01-05 03:10:00,27.44,53.54,17.72,6.14,160.95,9.12,44.01
2025-01-05 03:20:00,22.18,67.57,15.51,6.06,177.24,9.13,182.9
2025-01-05 03:30:00,21.92,76.45,17.1,7.99,167.48,9.38,167.12
2025-01-05 03:40:00,19.75,55.59,10.07,7.24,187.09,7.64,86.27
2025-01-05 03:50:00,25.46,49.93,16.46,4.48,251.35,8.22,0.0
2025-01-05 04:00:00,25.81,50.63,16.64,7.75,234.24,10.2,172.99
2025-01-05 04:10:00,28.41,65.67,21.3,6.27,186.49,6.76,113.82
2025-01-05 04:20:00,21.56,67.89,15.65,8.93,151.23,10.41,414.88
2025-01-05 04:30:00,26.69,55.03,17.87,6.32,241.79,9.29,69.72
2025-01-05 04:40:00,24.19,58.49,16.46,6.37,194.73,8.29,144.31
2025-01-05 04:50:00,25.51,51.32,14.7,8.07,137.48,9.76,278.05
2025-01-05 05:00:00,21.8,66.61,15.0,8.44,224.3,12.04,361.07
2025-01-05 05:10:00,27.4,52.68,17.89,8.06,236.71,9.21,297.79
2025-01-05 05:20:00,26.18,54.62,17.6,5.13,117.35,6.53,149.43
2025-01-05 05:30:00,24.69,62.04,16.6,8.3,174.84,10.71,231.83
2025-01-05 05:40:00,25.92,55.35,14.99,6.16,201.27,8.75,0.0
2025-01-05 05:50:00,23.38,57.31,13.98,7.99,232.27,10.69,262.04
2025-01-05 06:00:00,23.96,58.51,15.61,5.73,189.94,8.84,99.84
2025-01-05 06:10:00,24.17,63.82,16.98,8.4,180.28,10.8,393.85
2025-01-05 06:20:00,21.67,72.03,17.42,6.7,236.26,9.39,192.84
2025-01-05 06:30:00,26.55,60.2,19.06,6.09,195.81,8.03,214.25
2025-01-05 06:40:00,27.14,61.19,19.45,8.94,232.56,11.21,399.62
2025-01-05 06:50:00,23.74,57.24,15.16,8.34,176.06,10.64,270.7
2025-01-05 07:00:00,25.39,52.2,16.71,7.19,169.0,9.61,4.18
2025-01-05 07:10:00,24.28,62.72,16.36,10.14,244.12,13.11,627.57
2025-01-05 07:20:00,25.35,58.38,16.92,7.54,227.86,10.3,108.13
2025-01-05 07:30:00,23.63,48.77,12.52,8.26,252.64,10.5,258.4
2025-01-05 07:40:00,23.17,56.85,15.68,8.64,203.03,10.03,301.68
2025-01-05 07:50:00,26.66,55.43,18.06,7.45,195.14,9.72,185.87
2025-01-05 08:00:00,23.95,54.87,14.36,9.03,271.88,11.2,354.11
2025-01-05 08:10:00,27.7,65.44,20.7,7.67,172.22,10.07,248.28
2025-01-05 08:20:00,24.15,61.63,16.88,7.9,270.59,12.3,0.0
2025-01-05 08:30:00,22.4,69.46,16.09,10.43,274.24,12.1,693.76
2025-01-05 08:40:00,26.27,58.2,17.48,7.11,259.35,9.74,217.22
2025-01-05 08:50:00,25.2,57.89,16.25,5.24,206.38,8.51,177.54
2025-01-05 09:00:00,24.26,51.61,14.85,10.92,203.06,13.22,883.67
2025-01-05 09:10:00,25.09,57.5,16.31,12.28,225.46,16.82,1464.83
2025-01-05 09:20:00,21.77,60.49,13.51,8.19,188.64,10.01,245.58
2025-01-05 09:30:00,22.72,49.98,11.65,6.09,201.44,8.62,49.12
2025-01-05 09:40:00,22.64,55.85,13.87,8.41,258.77,9.81,307.24
2025-01-05 09:50:00,20.63,59.17,12.32,8.49,260.03,10.34,273.42
2025-01-05 10:00:00,21.03,63.97,13.56,8.67,201.63,11.12,234.62
2025-01-05 10:10:00,23.91,61.71,16.41,7.42,263.08,10.46,98.74
2025-01-05 10:20:00,21.93,56.2,13.76,9.83,256.35,12.35,431.93
2025-01-05 10:30:00,19.08,66.11,12.86,9.79,294.3,13.25,562.91
2025-01-05 10:40:00,18.7,61.9,11.52,7.01,262.36,9.11,107.18
2025-01-05 10:50:00,24.5,37.87,11.88,10.11,280.45,11.98,564.66
2025-01-05 11:00:00,19.65,58.92,10.98,12.05,261.03,16.95,1175.82
2025-01-05 11:10:00,18.65,70.77,11.97,9.45,279.54,12.04,486.59
2025-01-05 11:20:00,19.32,50.84,9.01,8.77,201.09,10.25,384.38
2025-01-05 11:30:00,17.15,65.35,10.24,9.08,242.74,10.59,275.62
2025-01-05 11:40:00,22.37,70.96,15.94,10.17,246.47,11.43,501.06
2025-01-05 11:50:00,19.1,57.48,10.68,6.92,240.12,10.06,180.94
2025-01-05 12:00:00,20.46,61.6,12.01,9.61,264.98,11.44,359.99
2025-01-05 12:10:00,18.09,54.59,7.68,8.86,272.41,11.19,379.39
2025-01-05 12:20:00,20.57,72.87,15.8,12.02,264.67,14.16,1352.24
2025-01-05 12:30:00,18.46,62.8,10.64,9.22,245.45,12.15,535.77
2025-01-05 12:40:00,19.54,62.74,11.42,11.83,226.58,13.18,1199.95
2025-01-05 12:50:00,19.29,72.12,12.84,7.97,291.38,9.1,263.66
2025-01-05 13:00:00,17.31,69.05,11.46,10.37,265.85,12.79,852.14
2025-01-05 13:10:00,16.81,58.74,9.66,10.02,218.55,12.82,372.27
2025-01-05 13:20:00,15.77,61.28,7.7,8.37,248.0,10.91,217.12
2025-01-05 13:30:00,19.64,65.79,12.62,9.86,194.3,11.25,605.98
2025-01-05 13:40:00,14.56,62.53,7.92,11.33,257.07,14.21,926.99
2025-01-05 13:50:00,16.2,50.6,4.87,9.2,249.37,10.66,499.18
2025-01-05 14:00:00,14.53,66.55,9.41,7.3,236.66,8.98,128.26
2025-01-05 14:10:00,15.22,55.94,8.37,9.66,312.66,10.92,500.2
2025-01-05 14:20:00,13.73,78.96,7.35,8.44,217.13,11.94,242.8
2025-01-05 14:30:00,15.07,67.68,8.52,9.24,282.68,12.07,357.02
2025-01-05 14:40:00,14.2,60.89,5.8,9.62,334.83,12.42,432.51
2025-01-05 14:50:00,11.65,64.62,4.37,7.36,296.31,10.8,159.69
2025-01-05 15:00:00,13.07,55.01,3.74,7.49,257.78,12.51,84.1
2025-01-05 15:10:00,11.07,62.34,4.19,10.44,219.43,10.93,761.71
2025-01-05 15:20:00,9.93,78.18,5.47,9.04,211.67,10.5,420.07
2025-01-05 15:30:00,13.3,83.66,9.3,6.19,245.12,7.77,147.13
2025-01-05 15:40:00,13.93,72.55,8.3,10.89,235.64,12.24,714.68
2025-01-05 15:50:00,14.0,66.76,7.76,10.17,234.62,11.3,465.71
2025-01-05 16:00:00,12.96,65.31,5.07,8.8,248.48,10.7,321.57
2025-01-05 16:10:00,8.46,65.69,0.28,7.95,256.38,8.94,447.48
2025-01-05 16:20:00,9.49,85.88,8.26,10.97,276.98,13.5,944.41
2025-01-05 16:30:00,15.49,64.74,7.92,10.29,216.67,12.54,592.96
2025-01-05 16:40:00,10.05,85.76,7.1,13.13,236.09,15.82,1756.5
2025-01-05 16:50:00,13.04,78.02,8.32,10.38,254.32,13.09,727.46
2025-01-05 17:00:00,10.0,58.81,2.2,10.34,252.98,13.14,536.11
2025-01-05 17:10:00,11.38,65.09,5.82,9.55,323.97,11.38,581.78
2025-01-05 17:20:00,10.1,66.23,3.81,10.93,267.67,15.25,808.55
2025-01-05 17:30:00,12.25,68.42,4.72,10.65,202.89,13.08,732.16
2025-01-05 17:40:00,11.48,69.24,4.23,11.52,273.78,11.86,1023.69
2025-01-05 17:50:00,10.43,91.59,8.43,9.03,278.0,10.22,459.04
2025-01-05 18:00:00,9.11,64.26,1.75,9.14,254.25,9.6,317.61
2025-01-05 18:10:00,11.48,71.27,4.36,9.06,215.86,11.28,223.18
2025-01-05 18:20:00,8.82,76.38,4.75,10.83,319.53,12.91,819.97
2025-01-05 18:30:00,11.77,69.4,4.78,11.8,220.18,13.53,953.82
2025-01-05 18:40:00,15.73,66.62,10.25,9.05,280.36,13.26,339.91
2025-01-05 18:50:00,13.43,60.6,7.01,9.08,263.82,11.83,472.0
2025-01-05 19:00:00,12.53,69.47,6.23,10.09,277.39,13.02,639.36
2025-01-05 19:10:00,11.08,73.6,6.16,9.29,315.62,10.56,500.17
2025-01-05 19:20:00,7.75,75.32,1.83,10.95,275.03,12.15,882.52
2025-01-05 19:30:00,8.86,76.02,4.56,6.44,235.28,8.68,272.21
2025-01-05 19:40:00,13.55,77.7,8.69,8.41,292.97,10.79,212.18
2025-01-05 19:50:00,9.82,77.72,4.49,8.45,231.58,8.8,301.61
2025-01-05 20:00:00,10.68,70.89,4.63,6.27,258.77,8.29,20.73
2025-01-05 20:10:00,11.64,61.32,3.53,8.15,207.14,10.36,306.66
2025-01-05 20:20:00,10.03,66.78,3.12,8.19,215.55,10.17,225.49
2025-01-05 20:30:00,9.73,69.71,4.43,9.16,252.81,10.55,532.24
2025-01-05 20:40:00,11.85,71.1,5.44,10.97,263.16,12.63,791.43
2025-01-05 20:50:00,10.33,67.35,5.19,9.04,189.93,11.06,483.39
2025-01-05 21:00:00,11.72,62.91,3.24,7.91,266.14,10.2,245.61
2025-01-05 21:10:00,11.64,61.2,5.18,9.24,219.24,12.04,398.29
2025-01-05 21:20:00,13.99,55.85,4.35,10.75,291.87,14.03,816.17
2025-01-05 21:30:00,12.63,66.99,6.03,7.88,233.9,9.79,214.6
2025-01-05 21:40:00,12.73,58.26,3.99,7.94,206.01,9.68,229.36
2025-01-05 21:50:00,14.12,60.28,5.91,9.96,247.08,12.6,539.46
2025-01-05 22:00:00,14.24,64.42,7.77,8.83,211.42,11.64,267.81
2025-01-05 22:10:00,14.0,58.05,6.81,10.01,286.95,11.77,540.37
2025-01-05 22:20:00,15.35,68.85,10.07,9.04,241.57,12.03,221.69
2025-01-05 22:30:00,15.7,71.05,9.59,10.0,235.24,13.18,639.55
2025-01-05 22:40:00,14.24,63.34,7.05,7.53,260.24,11.02,48.85
2025-01-05 22:50:00,14.65,63.76,6.77,8.92,203.3,12.9,324.8
2025-01-05 23:00:00,14.78,70.46,8.08,8.6,192.29,9.93,345.56
2025-01-05 23:10:00,14.64,61.83,6.09,7.15,250.61,9.36,189.52
2025-01-05 23:20:00,17.57,58.71,8.96,6.62,196.72,8.83,0.0
2025-01-05 23:30:00,16.99,73.09,11.81,9.72,195.58,11.83,494.49
2025-01-05 23:40:00,17.01,70.88,9.65,8.23,262.21,9.78,274.96
2025-01-05 23:50:00,16.69,69.19,10.49,7.24,250.14,7.95,130.34
2025-01-06 00:00:00,18.08,70.2,13.34,8.49,186.69,10.78,387.49
2025-01-06 00:10:00,19.25,48.83,9.92,10.15,207.7,11.59,535.33
2025-01-06 00:20:00,19.68,71.76,13.57,5.33,196.52,7.62,0.0
2025-01-06 00:30:00,19.64,65.07,11.54,6.38,289.08,7.79,132.76
2025-01-06 00:40:00,17.82,71.04,12.39,7.13,257.36,8.23,71.14
2025-01-06 00:50:00,20.5,64.26,11.5,10.42,209.65,12.86,526.04
2025-01-06 01:00:00,20.22,62.14,13.54,8.72,243.27,11.07,295.79
2025-01-06 01:10:00,20.95,59.22,12.62,9.35,174.33,12.13,527.06
2025-01-06 01:20:00,20.32,64.28,14.64,6.62,196.94,11.01,0.0
2025-01-06 01:30:00,20.26,59.59,10.79,6.6,222.83,9.08,275.61
2025-01-06 01:40:00,18.49,69.44,13.11,8.74,233.65,11.42,241.32
2025-01-06 01:50:00,21.07,49.93,10.98,8.14,213.05,9.26,231.88
2025-01-06 02:00:00,26.62,52.25,16.81,8.77,223.78,9.69,214.27
2025-01-06 02:10:00,20.83,75.57,14.84,7.69,216.47,11.47,173.65
2025-01-06 02:20:00,21.63,56.15,13.33,8.28,206.62,9.56,232.36
2025-01-06 02:30:00,20.7,59.7,13.18,8.06,200.58,9.22,87.43
2025-01-06 02:40:00,20.62,55.26,13.1,8.87,194.62,11.03,574.61
2025-01-06 02:50:00,24.28,60.5,17.19,8.85,216.25,10.96,289.65
2025-01-06 03:00:00,21.74,55.28,12.32,5.4,221.09,6.7,0.0
2025-01-06 03:10:00,22.1,58.81,13.06,4.47,212.22,6.36,87.57
2025-01-06 03:20:00,20.09,67.86,12.57,8.96,162.59,12.39,503.48
2025-01-06 03:30:00,21.59,55.68,13.9,9.16,167.44,10.55,481.91
2025-01-06 03:40:00,19.87,67.63,12.78,6.01,214.92,6.82,0.0
2025-01-06 03:50:00,24.09,64.08,18.09,4.78,251.01,7.92,27.45
2025-01-06 04:00:00,29.1,61.19,21.76,7.46,203.39,10.15,0.0
2025-01-06 04:10:00,23.4,59.92,15.65,8.57,182.18,10.15,361.8
2025-01-06 04:20:00,21.06,83.73,17.56,9.72,202.98,10.34,363.01
2025-01-06 04:30:00,25.68,64.27,19.06,7.87,153.88,9.32,122.58
2025-01-06 04:40:00,22.75,61.8,15.1,6.57,238.01,8.71,74.78
2025-01-06 04:50:00,26.4,50.11,16.13,5.78,197.26,9.14,73.3
2025-01-06 05:00:00,24.25,57.49,16.31,6.99,165.84,8.15,82.55
2025-01-06 05:10:00,23.62,68.72,17.25,6.49,181.96,8.61,199.57
2025-01-06 05:20:00,24.44,69.97,17.8,5.43,167.89,8.31,85.26
2025-01-06 05:30:00,26.13,66.84,19.97,9.66,230.78,9.66,543.75
2025-01-06 05:40:00,24.35,63.58,17.02,9.24,176.33,12.47,296.25
2025-01-06 05:50:00,23.87,49.73,14.2,8.27,187.39,9.29,386.15
2025-01-06 06:00:00,24.64,61.23,16.53,5.33,200.57,7.86,0.0
2025-01-06 06:10:00,22.71,50.87,11.92,7.76,153.12,10.21,325.81
2025-01-06 06:20:00,25.71,46.44,16.39,7.4,184.38,10.68,312.62
2025-01-06 06:30:00,21.78,62.07,15.43,7.07,185.76,9.82,154.66
2025-01-06 06:40:00,24.2,61.88,17.28,8.14,120.33,8.14,311.96
2025-01-06 06:50:00,26.37,62.59,18.58,7.22,182.14,8.64,0.0
2025-01-06 07:00:00,25.31,60.7,17.21,7.31,170.27,9.65,115.84
2025-01-06 07:10:00,25.82,60.48,19.03,7.11,175.01,9.12,208.44
2025-01-06 07:20:00,24.64,50.93,14.55,6.64,170.3,9.32,158.25
2025-01-06 07:30:00,26.87,55.08,17.38,3.61,176.73,6.6,0.0
2025-01-06 07:40:00,26.43,45.67,17.06,6.17,213.08,8.98,27.59
2025-01-06 07:50:00,25.56,42.97,14.12,5.22,123.62,7.2,0.0
2025-01-06 08:00:00,25.73,62.03,19.55,4.15,151.56,4.5,37.62
2025-01-06 08:10:00,25.41,51.86,14.67,8.24,185.51,9.99,77.98
2025-01-06 08:20:00,23.27,65.16,16.72,8.25,177.67,10.87,335.85
2025-01-06 08:30:00,21.64,68.28,16.96,7.68,175.59,8.79,270.34
2025-01-06 08:40:00,24.82,53.33,15.51,6.09,254.58,8.92,8.22
2025-01-06 08:50:00,25.05,61.59,17.15,7.57,178.4,10.68,201.75
2025-01-06 09:00:00,24.91,52.95,14.57,5.64,195.2,7.97,12.01
2025-01-06 09:10:00,21.26,47.94,11.72,5.86,143.6,5.86,59.14
2025-01-06 09:20:00,21.32,61.68,13.04,3.99,118.34,4.91,0.0
2025-01-06 09:30:00,23.78,55.3,14.76,6.03,140.85,10.12,98.89
2025-01-06 09:40:00,22.82,56.38,13.11,5.51,175.55,7.16,0.0
2025-01-06 09:50:00,19.56,76.23,16.05,3.55,163.67,3.77,0.0
2025-01-06 10:00:00,22.18,49.36,12.97,5.26,162.35,8.69,8.66
2025-01-06 10:10:00,18.17,66.33,11.41,5.17,139.57,7.38,0.0
2025-01-06 10:20:00,19.8,55.22,9.92,7.75,132.84,11.06,200.68
2025-01-06 10:30:00,23.93,64.82,18.13,6.44,138.5,8.92,12.29
2025-01-06 10:40:00,24.78,59.78,16.45,5.16,169.04,7.82,177.02
2025-01-06 10:50:00,19.31,65.27,11.48,5.45,172.02,8.02,38.02
2025-01-06 11:00:00,19.22,56.09,9.03,5.12,106.31,8.02,35.61
2025-01-06 11:10:00,19.89,56.74,10.72,4.73,167.16,9.21,25.4
2025-01-06 11:20:00,23.02,65.77,15.01,3.46,116.68,6.63,85.41
2025-01-06 11:30:00,18.92,75.36,13.5,4.73,154.86,5.35,57.47
2025-01-06 11:40:00,18.95,66.3,12.81,3.85,130.75,6.5,38.6
2025-01-06 11:50:00,22.6,53.38,12.97,3.11,191.31,6.45,62.56
2025-01-06 12:00:00,17.33,66.78,10.97,5.54,120.94,8.94,0.0
2025-01-06 12:10:00,19.3,79.62,14.65,5.33,140.91,7.11,0.0
2025-01-06 12:20:00,15.34,66.91,8.78,2.25,155.01,5.61,0.0
2025-01-06 12:30:00,17.69,74.31,14.09,4.54,102.33,7.67,0.0
2025-01-06 12:40:00,15.01,61.31,7.0,6.08,129.53,10.85,97.44
2025-01-06 12:50:00,16.1,65.22,9.45,6.13,121.94,7.58,52.56
2025-01-06 13:00:00,17.7,68.41,10.13,6.06,112.5,7.75,96.61
2025-01-06 13:10:00,16.1,68.29,10.97,4.64,114.33,6.54,0.0
2025-01-06 13:20:00,15.61,60.58,7.35,3.38,167.91,5.09,0.0
2025-01-06 13:30:00,14.84,60.98,7.88,3.01,107.34,4.32,0.0
2025-01-06 13:40:00,15.79,72.71,10.23,4.99,147.43,4.99,45.84
2025-01-06 13:50:00,16.73,73.28,11.88,5.01,137.97,6.77,0.0
2025-01-06 14:00:00,16.27,75.94,11.99,6.26,77.44,8.82,86.64
2025-01-06 14:10:00,9.77,83.83,6.18,5.97,143.91,7.68,0.0
2025-01-06 14:20:00,13.0,69.24,7.72,4.22,75.7,8.36,0.0
2025-01-06 14:30:00,14.79,64.51,7.08,2.64,146.61,4.86,76.07
2025-01-06 14:40:00,14.32,76.57,10.26,3.92,106.37,7.41,20.61
2025-01-06 14:50:00,15.23,71.29,9.17,4.65,123.93,7.11,0.0
2025-01-06 15:00:00,13.53,60.94,6.0,4.04,77.89,7.07,0.0
2025-01-06 15:10:00,12.5,61.51,4.43,3.5,127.05,5.98,0.0
2025-01-06 15:20:00,12.1,72.55,6.65,4.65,154.81,8.22,0.0
2025-01-06 15:30:00,12.61,67.41,5.23,3.57,93.76,5.83,10.32
2025-01-06 15:40:00,15.12,66.21,8.56,3.39,100.42,6.08,47.72
2025-01-06 15:50:00,11.73,76.95,7.16,4.69,137.28,7.26,45.44
2025-01-06 16:00:00,11.82,74.67,6.33,3.68,137.88,5.59,51.75
2025-01-06 16:10:00,12.27,78.27,7.88,4.58,35.66,7.18,5.46
2025-01-06 16:20:00,14.75,53.21,5.5,4.61,191.18,9.04,0.0
2025-01-06 16:30:00,11.4,71.52,5.21,2.62,138.96,4.55,0.0
2025-01-06 16:40:00,13.66,72.57,8.07,3.54,144.7,6.16,0.0
2025-01-06 16:50:00,14.16,56.57,4.67,6.22,115.16,9.68,0.0
2025-01-06 17:00:00,11.12,65.4,6.08,2.58,55.15,5.92,0.0
2025-01-06 17:10:00,10.86,64.34,4.58,1.24,143.65,3.45,7.56
2025-01-06 17:20:00,10.65,70.57,4.98,1.59,100.22,1.59,0.0
2025-01-06 17:30:00,10.78,81.69,8.05,4.24,139.04,6.96,263.66
2025-01-06 17:40:00,12.78,82.66,7.72,4.24,112.38,4.24,0.0
2025-01-06 17:50:00,11.65,63.81,2.37,4.04,128.43,7.71,0.0
2025-01-06 18:00:00,11.42,73.4,5.79,5.91,93.07,8.28,0.0
2025-01-06 18:10:00,8.97,75.83,3.04,0.47,150.57,3.67,0.0
2025-01-06 18:20:00,9.26,74.38,3.95,4.77,78.88,6.07,0.0
2025-01-06 18:30:00,14.86,69.42,8.91,6.41,199.25,7.06,137.49
2025-01-06 18:40:00,10.68,72.51,5.92,2.66,199.2,5.12,0.0
2025-01-06 18:50:00,9.61,83.17,5.33,3.71,178.27,5.88,0.0
2025-01-06 19:00:00,13.81,75.28,9.19,3.2,166.04,4.91,0.0
2025-01-06 19:10:00,11.75,62.01,4.16,3.02,118.74,5.3,0.0
2025-01-06 19:20:00,12.28,74.52,7.46,3.82,162.87,8.79,0.0
2025-01-06 19:30:00,10.99,76.36,5.85,6.29,119.04,9.33,26.65
2025-01-06 19:40:00,10.66,72.61,6.29,6.88,68.43,10.13,103.16
2025-01-06 19:50:00,10.93,78.08,6.47,3.86,175.84,6.9,48.56
2025-01-06 20:00:00,9.45,72.81,5.43,7.01,163.19,10.69,87.0
2025-01-06 20:10:00,11.78,70.8,5.31,4.42,123.07,6.43,0.0
2025-01-06 20:20:00,12.47,69.63,6.99,6.84,81.8,6.99,0.0
2025-01-06 20:30:00,15.27,52.13,5.65,4.28,104.71,6.29,49.33
2025-01-06 20:40:00,12.09,68.55,5.54,4.62,62.05,7.63,0.0
2025-01-06 20:50:00,7.74,68.36,1.91,4.97,159.47,6.2,76.09
2025-01-06 21:00:00,12.88,60.1,4.66,8.93,70.9,10.95,456.77
2025-01-06 21:10:00,17.98,73.85,10.62,5.7,137.71,7.21,16.51
2025-01-06 21:20:00,14.61,70.38,6.24,3.54,98.83,7.25,0.0
2025-01-06 21:30:00,11.59,69.36,6.48,5.92,79.13,8.87,39.7
2025-01-06 21:40:00,14.11,63.34,7.77,4.09,138.14,6.94,31.75
2025-01-06 21:50:00,11.71,71.53,7.53,3.94,118.88,6.76,0.0
2025-01-06 22:00:00,12.06,76.08,7.27,5.93,160.68,8.09,0.0
2025-01-06 22:10:00,13.87,61.73,5.18,4.73,87.8,7.13,56.46
2025-01-06 22:20:00,14.66,66.77,7.68,5.11,106.49,6.12,57.82
2025-01-06 22:30:00,11.13,76.06,6.35,4.77,50.3,4.79,0.0
2025-01-06 22:40:00,12.43,55.26,2.68,5.26,58.3,7.61,0.0
2025-01-06 22:50:00,14.52,66.53,9.14,5.42,198.6,7.95,62.26
2025-01-06 23:00:00,15.45,63.09,9.86,2.15,209.53,5.56,0.0
2025-01-06 23:10:00,16.9,63.85,10.05,5.84,140.81,9.61,55.91
2025-01-06 23:20:00,14.0,63.89,6.77,3.57,109.71,7.34,13.15
2025-01-06 23:30:00,17.47,65.24,9.49,2.96,129.11,4.16,0.0
2025-01-06 23:40:00,14.06,80.81,11.46,4.94,171.16,6.79,18.99
2025-01-06 23:50:00,19.15,60.5,11.31,5.18,123.63,7.86,60.93
2025-01-07 00:00:00,14.91,68.62,8.4,4.14,151.02,8.87,56.59
2025-01-07 00:10:00,16.03,79.53,12.32,6.32,143.35,10.0,70.2
2025-01-07 00:20:00,18.75,59.27,10.14,3.32,125.0,6.64,0.0
2025-01-07 00:30:00,21.0,73.81,15.87,4.67,127.62,6.48,116.27
2025-01-07 00:40:00,18.57,63.33,10.08,4.47,157.45,5.79,40.17
2025-01-07 00:50:00,19.01,75.36,14.96,5.27,114.17,8.26,0.0
2025-01-07 01:00:00,19.84,67.39,13.24,5.77,165.36,6.87,0.0
2025-01-07 01:10:00,17.96,65.98,12.09,4.02,134.25,5.98,21.4
2025-01-07 01:20:00,18.93,62.5,11.27,6.49,156.43,8.58,128.23
2025-01-07 01:30:00,17.63,59.76,9.47,5.62,201.65,9.41,0.0
2025-01-07 01:40:00,17.51,64.77,9.49,2.93,148.59,4.78,70.17
2025-01-07 01:50:00,20.53,67.8,14.7,2.89,187.94,2.89,0.0
2025-01-07 02:00:00,19.48,62.38,11.25,5.66,94.31,8.37,0.0
2025-01-07 02:10:00,22.08,57.92,13.27,5.42,141.87,6.92,0.0
2025-01-07 02:20:00,19.16,61.0,11.36,5.64,160.62,7.88,0.0
2025-01-07 02:30:00,22.03,67.12,15.55,5.8,228.29,7.91,164.46
2025-01-07 02:40:00,20.62,70.02,13.26,6.21,93.72,8.13,229.51
2025-01-07 02:50:00,24.03,53.7,14.59,7.27,160.3,10.26,148.94
2025-01-07 03:00:00,23.53,54.14,15.0,4.45,216.02,5.11,0.0
2025-01-07 03:10:00,25.17,60.0,16.87,4.42,138.94,6.1,0.0
2025-01-07 03:20:00,21.59,71.26,15.66,4.58,160.35,7.47,46.77
2025-01-07 03:30:00,23.05,67.28,16.64,6.57,180.8,8.16,0.0
2025-01-07 03:40:00,21.18,52.17,11.52,7.97,177.06,8.56,153.87
2025-01-07 03:50:00,22.21,58.17,13.01,5.68,226.81,8.55,153.66
2025-01-07 04:00:00,23.59,52.25,14.01,2.83,189.13,6.16,0.0
2025-01-07 04:10:00,22.76,57.65,15.08,4.01,221.34,6.16,0.0
2025-01-07 04:20:00,21.87,71.54,15.34,5.29,163.7,5.52,20.86
2025-01-07 04:30:00,21.52,50.68,11.35,5.73,151.82,8.63,57.65
2025-01-07 04:40:00,19.85,50.8,8.91,6.0,171.29,6.54,0.0
2025-01-07 04:50:00,22.16,54.26,13.76,6.68,140.07,9.19,88.89
2025-01-07 05:00:00,25.89,58.71,17.56,6.25,199.02,7.56,108.28
2025-01-07 05:10:00,21.88,64.65,14.13,8.21,170.05,9.25,400.64
2025-01-07 05:20:00,22.3,62.99,14.97,5.85,161.5,7.61,27.7
2025-01-07 05:30:00,27.99,63.04,19.63,5.65,203.93,7.67,27.32
2025-01-07 05:40:00,23.62,46.4,12.07,7.59,147.92,9.14,289.49
2025-01-07 05:50:00,25.34,65.51,17.27,4.83,216.38,7.62,0.0
2025-01-07 06:00:00,26.16,54.27,16.16,7.58,174.14,9.33,46.31
2025-01-07 06:10:00,26.19,61.55,19.59,7.24,232.92,10.42,147.04
2025-01-07 06:20:00,22.26,50.7,11.81,6.95,180.07,9.43,193.04
2025-01-07 06:30:00,24.58,57.91,16.54,9.43,217.39,10.94,471.06
2025-01-07 06:40:00,22.09,61.78,13.77,6.4,203.02,7.73,56.63
2025-01-07 06:50:00,29.4,61.63,22.34,10.21,224.23,10.76,496.99
2025-01-07 07:00:00,21.89,49.2,10.91,7.07,203.5,9.56,106.51
2025-01-07 07:10:00,22.88,59.63,14.83,5.66,142.88,7.5,135.8
2025-01-07 07:20:00,22.89,51.8,13.29,7.6,237.86,7.6,55.97
2025-01-07 07:30:00,22.07,63.68,16.67,6.05,200.92,7.72,26.22
2025-01-07 07:40:00,27.2,60.96,19.89,6.56,233.06,7.86,41.92
2025-01-07 07:50:00,29.12,62.8,21.21,8.23,231.01,12.01,177.13
2025-01-07 08:00:00,23.21,55.37,14.83,8.51,181.21,9.01,297.37
2025-01-07 08:10:00,21.69,66.97,16.79,6.92,177.67,7.67,136.96
2025-01-07 08:20:00,20.04,71.49,13.03,9.23,234.02,12.54,435.66
2025-01-07 08:30:00,23.62,47.24,12.4,9.52,201.87,13.08,375.04
2025-01-07 08:40:00,23.49,63.14,15.93,9.97,246.64,11.42,418.67
2025-01-07 08:50:00,22.89,66.11,15.78,8.75,209.0,10.32,336.65
2025-01-07 09:00:00,23.35,57.18,14.52,9.97,252.42,12.79,517.37
2025-01-07 09:10:00,23.66,50.23,12.66,5.48,232.77,5.48,181.62
2025-01-07 09:20:00,23.53,65.42,17.74,7.73,229.37,8.07,334.72
2025-01-07 09:30:00,22.38,51.46,11.53,7.01,207.53,8.93,275.86
2025-01-07 09:40:00,20.97,59.88,12.78,8.44,230.06,12.19,186.79
2025-01-07 09:50:00,24.15,57.99,16.58,7.53,264.98,9.29,201.96
2025-01-07 10:00:00,21.52,65.64,14.63,8.15,222.61,10.45,299.52
2025-01-07 10:10:00,23.1,54.82,13.28,11.07,244.37,14.4,931.95
2025-01-07 10:20:00,22.92,54.58,12.76,8.24,228.66,12.55,208.2
2025-01-07 10:30:00,18.94,63.65,11.49,9.11,232.63,10.73,485.77
2025-01-07 10:40:00,18.92,70.02,12.32,8.25,289.81,10.44,239.82
2025-01-07 10:50:00,20.14,77.89,15.88,8.73,272.75,12.76,322.46
2025-01-07 11:00:00,17.91,53.33,7.45,8.68,234.66,9.36,172.74
2025-01-07 11:10:00,21.17,63.15,14.45,9.35,240.55,12.58,477.9
2025-01-07 11:20:00,20.44,53.99,11.34,10.4,209.63,11.58,647.4
2025-01-07 11:30:00,21.79,67.52,15.45,11.12,229.26,13.42,924.15
2025-01-07 11:40:00,20.53,54.96,12.67,9.29,247.26,11.25,431.43
2025-01-07 11:50:00,20.19,57.11,11.26,9.73,267.29,10.97,518.31
2025-01-07 12:00:00,20.16,57.73,11.13,7.33,264.8,8.55,130.49
2025-01-07 12:10:00,18.85,62.51,10.91,8.86,200.8,11.34,399.82
2025-01-07 12:20:00,18.12,65.95,11.16,10.34,274.85,13.54,637.38
2025-01-07 12:30:00,20.66,64.79,13.55,10.28,238.54,12.35,513.63
2025-01-07 12:40:00,18.21,63.57,10.26,9.4,208.09,11.67,481.96
2025-01-07 12:50:00,17.45,54.98,6.83,10.38,290.36,13.16,596.8
2025-01-07 13:00:00,14.68,71.88,8.61,9.87,295.73,11.1,422.86
2025-01-07 13:10:00,17.45,63.92,10.53,10.9,254.66,13.84,727.27
2025-01-07 13:20:00,18.41,71.56,12.84,9.66,271.12,12.68,511.82
2025-01-07 13:30:00,16.1,60.56,9.17,8.79,274.03,13.59,312.43
2025-01-07 13:40:00,18.54,52.1,10.53,9.79,296.86,11.61,336.23
2025-01-07 13:50:00,12.64,68.38,6.93,5.25,274.29,6.99,0.0
2025-01-07 14:00:00,14.4,76.11,10.73,9.92,203.13,12.89,647.07
2025-01-07 14:10:00,14.43,68.14,8.67,4.31,320.69,7.33,0.0
2025-01-07 14:20:00,13.19,66.73,7.91,7.03,288.38,8.7,94.15
2025-01-07 14:30:00,18.79,57.0,11.67,10.1,233.95,11.9,681.2
2025-01-07 14:40:00,14.38,79.36,11.01,10.17,216.42,12.91,676.1
2025-01-07 14:50:00,13.77,60.4,6.41,7.9,270.78,9.27,280.95
2025-01-07 15:00:00,13.1,63.13,5.56,8.55,243.99,10.34,47.24
2025-01-07 15:10:00,9.45,75.49,4.51,11.49,265.87,13.78,1159.44
2025-01-07 15:20:00,11.68,56.49,2.71,8.92,280.91,12.11,396.65
2025-01-07 15:30:00,14.82,75.58,10.43,12.76,235.6,14.35,1744.53
2025-01-07 15:40:00,11.92,73.64,6.07,9.63,216.87,9.99,416.2
2025-01-07 15:50:00,11.56,75.89,6.58,10.23,269.91,10.51,474.17
2025-01-07 16:00:00,14.29,71.04,6.62,11.94,238.19,12.88,1180.82
2025-01-07 16:10:00,14.35,65.96,8.92,9.87,262.39,10.76,513.6
2025-01-07 16:20:00,12.87,60.98,4.89,8.3,210.65,10.35,302.12
2025-01-07 16:30:00,11.12,69.01,5.29,9.57,249.2,10.58,559.59
2025-01-07 16:40:00,11.51,62.82,5.24,9.68,283.38,11.18,486.27
2025-01-07 16:50:00,10.49,73.96,5.52,7.84,279.87,9.26,166.45
2025-01-07 17:00:00,9.45,77.14,6.03,9.4,231.34,11.16,477.54
2025-01-07 17:10:00,9.36,81.91,4.75,8.73,218.28,12.25,288.81
2025-01-07 17:20:00,10.13,73.49,6.74,11.07,259.93,13.93,839.58
2025-01-07 17:30:00,9.38,78.03,5.85,9.83,279.2,12.05,614.99
2025-01-07 17:40:00,8.42,70.34,2.66,9.39,273.89,11.13,538.85
2025-01-07 17:50:00,11.63,66.18,6.01,9.64,241.9,11.41,577.0
2025-01-07 18:00:00,11.42,73.04,5.09,10.11,270.34,12.64,579.54
2025-01-07 18:10:00,14.06,64.64,6.76,10.66,312.55,13.45,561.72
2025-01-07 18:20:00,9.8,73.07,5.57,8.4,267.18,9.69,247.72
2025-01-07 18:30:00,11.53,62.19,2.48,8.34,202.83,10.58,187.48
2025-01-07 18:40:00,11.56,63.42,4.7,11.34,267.07,11.51,949.49
2025-01-07 18:50:00,10.54,74.96,5.96,9.22,331.43,11.63,340.41
2025-01-07 19:00:00,12.58,74.89,9.13,7.81,214.74,10.77,181.98
2025-01-07 19:10:00,12.63,61.73,3.71,10.41,260.71,12.33,583.64
2025-01-07 19:20:00,11.83,74.05,7.93,10.43,251.59,14.45,568.87
2025-01-07 19:30:00,10.78,66.57,3.64,7.63,262.68,8.95,267.97
2025-01-07 19:40:00,10.59,70.58,4.35,10.09,265.9,12.5,505.52
2025-01-07 19:50:00,8.78,82.02,4.2,10.78,298.75,12.95,779.57
2025-01-07 20:00:00,10.49,76.21,4.86,10.27,261.54,12.37,715.48
2025-01-07 20:10:00,10.82,75.83,6.31,10.62,302.97,12.7,807.69
2025-01-07 20:20:00,9.91,84.44,5.91,7.75,253.81,10.06,244.82
2025-01-07 20:30:00,12.73,63.62,6.05,10.17,245.3,13.21,633.89
2025-01-07 20:40:00,14.09,60.42,5.64,9.26,233.73,12.84,467.51
2025-01-07 20:50:00,10.3,65.67,2.47,8.99,193.13,11.19,472.52
2025-01-07 21:00:00,13.56,66.01,6.34,10.87,265.92,13.88,841.67
2025-01-07 21:10:00,11.19,53.45,2.15,11.7,327.67,13.2,933.11
2025-01-07 21:20:00,12.5,67.3,5.74,12.12,271.3,15.09,1210.0
2025-01-07 21:30:00,11.81,65.56,4.95,11.43,278.76,12.87,1049.24
2025-01-07 21:40:00,14.13,72.77,9.24,9.41,239.69,12.7,382.49
2025-01-07 21:50:00,11.83,71.82,7.06,10.04,244.99,14.45,713.36
2025-01-07 22:00:00,16.32,61.11,8.29,10.59,287.38,12.67,717.42
2025-01-07 22:10:00,14.06,71.48,7.52,9.66,322.56,9.67,495.54
2025-01-07 22:20:00,13.33,73.07,8.0,9.65,303.65,11.3,580.83
2025-01-07 22:30:00,12.24,63.6,5.34,10.59,279.05,14.02,706.56
2025-01-07 22:40:00,14.96,63.09,6.4,9.32,251.36,12.08,432.64
2025-01-07 22:50:00,16.11,49.92,5.38,8.35,256.7,10.8,330.03
2025-01-07 23:00:00,16.68,57.35,7.58,8.76,222.2,11.97,191.16
2025-01-07 23:10:00,20.22,56.61,11.37,10.2,197.07,12.88,592.1
2025-01-07 23:20:00,18.76,63.63,10.88,9.28,207.48,12.7,480.01
2025-01-07 23:30:00,15.63,59.31,8.06,9.72,247.79,12.84,506.77
2025-01-07 23:40:00,15.62,62.35,6.8,10.14,234.94,13.87,727.47
2025-01-07 23:50:00,17.03,56.09,6.99,8.64,192.81,11.2,163.36
2025-01-08 00:00:00,16.49,66.36,9.5,10.19,242.0,13.3,470.94
2025-01-08 00:10:00,20.1,64.89,12.94,9.62,231.19,11.52,545.82
2025-01-08 00:20:00,18.65,66.03,10.69,7.33,200.3,8.92,207.35
2025-01-08 00:30:00,18.46,63.47,10.67,11.03,227.39,14.94,840.39
2025-01-08 00:40:00,19.24,51.9,9.3,8.27,228.08,10.69,276.17
2025-01-08 00:50:00,21.1,56.67,12.12,6.61,216.68,9.62,141.33
2025-01-08 01:00:00,20.12,59.04,12.05,7.42,269.62,9.75,73.99
2025-01-08 01:10:00,19.61,59.53,10.98,7.41,169.5,9.03,82.11
2025-01-08 01:20:00,22.53,60.25,15.76,8.87,165.48,11.08,350.85
2025-01-08 01:30:00,21.55,70.58,16.06,8.37,233.96,12.01,332.89
2025-01-08 01:40:00,19.23,68.37,12.26,8.24,236.06,10.99,138.2
2025-01-08 01:50:00,19.82,55.25,10.95,9.53,245.67,10.02,443.1
2025-01-08 02:00:00,21.85,65.08,14.97,9.09,211.47,11.07,352.42
2025-01-08 02:10:00,22.15,64.55,16.03,9.01,197.0,12.99,393.89
2025-01-08 02:20:00,19.06,57.21,10.02,9.09,227.64,11.08,372.56
2025-01-08 02:30:00,18.72,69.09,13.16,9.33,211.2,9.73,372.63
2025-01-08 02:40:00,19.9,60.96,12.13,5.46,279.69,9.56,130.88
2025-01-08 02:50:00,19.76,52.34,11.43,7.85,212.78,10.74,143.31
2025-01-08 03:00:00,21.79,63.57,15.54,5.26,220.98,7.39,0.0
2025-01-08 03:10:00,24.09,59.84,16.22,8.31,308.18,10.14,112.47
2025-01-08 03:20:00,22.65,58.03,14.04,8.2,213.4,11.48,172.07
2025-01-08 03:30:00,23.3,58.76,15.46,9.62,238.36,11.28,523.26
2025-01-08 03:40:00,20.75,56.3,11.86,9.76,240.17,13.11,538.9
2025-01-08 03:50:00,22.12,64.36,16.34,8.33,241.79,11.07,301.47
2025-01-08 04:00:00,25.12,57.09,16.6,7.29,224.96,9.74,177.57
2025-01-08 04:10:00,25.13,58.55,16.52,8.62,220.24,10.96,470.42
2025-01-08 04:20:00,22.76,62.02,14.79,7.14,215.57,9.17,54.01
2025-01-08 04:30:00,24.35,50.0,13.38,7.82,190.51,11.07,47.98
2025-01-08 04:40:00,28.02,48.52,18.17,9.15,220.65,10.49,295.37
2025-01-08 04:50:00,24.03,42.9,11.96,6.93,278.85,7.51,40.74
2025-01-08 05:00:00,23.51,62.79,16.95,8.78,248.8,11.6,237.17
2025-01-08 05:10:00,24.45,49.51,13.32,8.55,215.63,11.38,290.24
2025-01-08 05:20:00,24.93,58.49,16.73,6.21,233.51,8.89,160.92
2025-01-08 05:30:00,24.49,60.56,17.52,8.85,171.69,11.46,461.45
2025-01-08 05:40:00,24.71,61.98,15.38,8.4,191.55,10.28,303.82
2025-01-08 05:50:00,22.16,51.62,14.1,7.51,232.39,10.5,333.77
2025-01-08 06:00:00,23.27,58.6,14.65,6.24,249.81,8.4,26.09
2025-01-08 06:10:00,24.73,69.43,18.73,6.05,169.32,7.76,0.0
2025-01-08 06:20:00,24.7,69.77,19.11,6.44,177.91,8.33,156.85
2025-01-08 06:30:00,23.98,65.33,17.63,7.89,269.72,12.12,37.53
2025-01-08 06:40:00,24.68,60.15,16.93,5.74,195.28,6.2,0.0
2025-01-08 06:50:00,25.11,50.37,15.98,7.63,254.26,10.33,208.28
2025-01-08 07:00:00,26.36,61.3,19.04,5.22,196.21,5.74,9.39
2025-01-08 07:10:00,24.58,56.77,17.35,6.61,196.12,8.71,61.83
2025-01-08 07:20:00,25.48,60.99,18.1,7.0,175.35,8.76,5.03
2025-01-08 07:30:00,23.79,54.16,16.19,10.21,217.57,10.32,617.64
2025-01-08 07:40:00,25.79,55.58,17.63,4.8,230.64,7.39,94.89
2025-01-08 07:50:00,25.44,58.26,15.64,8.73,145.43,10.55,312.19
2025-01-08 08:00:00,25.62,58.67,19.44,6.82,167.87,6.92,21.42
2025-01-08 08:10:00,25.35,60.64,17.02,7.13,210.78,10.17,10.04
2025-01-08 08:20:00,25.12,53.34,16.99,6.66,172.77,10.29,12.09
2025-01-08 08:30:00,23.89,49.1,13.73,7.06,158.6,10.75,143.75
2025-01-08 08:40:00,24.5,69.32,19.22,6.16,209.77,8.72,81.47
2025-01-08 08:50:00,25.98,74.05,20.23,8.36,211.63,10.6,185.91
2025-01-08 09:00:00,21.78,63.53,14.98,5.62,155.85,9.15,0.0
2025-01-08 09:10:00,21.82,51.1,11.84,7.79,177.61,11.67,217.61
2025-01-08 09:20:00,23.28,53.64,15.27,5.25,126.48,8.58,0.0
2025-01-08 09:30:00,23.7,62.24,16.5,6.01,136.04,7.27,103.69
2025-01-08 09:40:00,21.47,70.07,16.23,4.54,170.34,6.94,0.0
2025-01-08 09:50:00,22.82,50.98,11.28,6.62,165.72,9.26,0.0
2025-01-08 10:00:00,21.33,59.93,13.25,7.95,129.42,8.34,213.94
2025-01-08 10:10:00,17.51,65.61,10.96,5.77,136.85,8.44,235.47
2025-01-08 10:20:00,21.1,67.06,14.7,5.55,123.3,10.02,90.99
2025-01-08 10:30:00,21.22,58.5,13.69,4.21,175.18,7.05,14.5
2025-01-08 10:40:00,21.21,49.96,10.91,5.4,89.07,9.07,53.25
2025-01-08 10:50:00,24.05,62.7,16.63,3.44,121.24,5.82,0.0
2025-01-08 11:00:00,17.62,72.01,12.97,4.34,90.16,6.46,0.0
2025-01-08 11:10:00,18.33,62.93,9.09,5.88,168.76,8.46,0.0
2025-01-08 11:20:00,15.11,69.24,9.43,7.36,89.75,8.74,284.06
2025-01-08 11:30:00,18.95,59.63,10.6,9.4,152.72,10.63,562.55
2025-01-08 11:40:00,19.1,56.89,9.75,4.59,207.77,8.06,40.09
2025-01-08 11:50:00,18.89,70.18,13.2,7.38,207.76,10.95,150.08
2025-01-08 12:00:00,19.99,64.72,13.92,5.66,84.8,6.87,0.0
2025-01-08 12:10:00,19.55,65.84,13.55,5.06,157.29,8.23,0.0
2025-01-08 12:20:00,18.14,74.19,12.87,5.83,111.08,7.95,189.95
2025-01-08 12:30:00,17.33,57.02,9.44,5.27,102.81,7.81,30.49
2025-01-08 12:40:00,19.85,58.27,12.2,5.29,139.49,7.95,0.0
2025-01-08 12:50:00,17.96,64.94,10.88,4.52,185.37,7.72,0.0
2025-01-08 13:00:00,14.72,62.81,6.72,3.1,162.3,5.38,117.33
2025-01-08 13:10:00,13.1,73.69,7.33,2.85,115.24,6.46,0.0
2025-01-08 13:20:00,15.39,64.83,9.03,5.88,163.92,8.39,0.0
2025-01-08 13:30:00,17.55,57.26,8.96,4.54,59.72,7.37,0.0
2025-01-08 13:40:00,20.29,62.2,11.89,4.06,110.92,5.42,0.0
2025-01-08 13:50:00,16.3,66.52,8.26,4.86,107.48,9.22,0.0
2025-01-08 14:00:00,13.12,74.73,8.73,5.93,138.13,8.6,59.14
2025-01-08 14:10:00,12.37,71.62,6.25,5.03,127.38,7.94,0.0
2025-01-08 14:20:00,15.49,69.28,9.61,3.83,128.65,4.42,66.98
2025-01-08 14:30:00,11.32,72.05,6.73,6.43,126.63,7.8,73.2
2025-01-08 14:40:00,15.49,64.74,7.39,6.89,132.7,10.33,187.4
2025-01-08 14:50:00,15.97,60.61,8.06,5.34,150.01,7.82,0.0
2025-01-08 15:00:00,13.84,69.57,7.61,5.98,135.56,6.26,302.43
2025-01-08 15:10:00,12.65,66.28,6.21,6.32,119.62,9.56,12.6
2025-01-08 15:20:00,14.07,79.17,10.89,6.14,142.91,7.79,0.0
2025-01-08 15:30:00,13.36,77.37,7.77,5.39,157.06,9.0,0.0
2025-01-08 15:40:00,11.65,73.95,6.89,5.34,108.01,7.45,3.16
2025-01-08 15:50:00,16.38,67.91,10.79,5.2,124.75,7.61,0.0
2025-01-08 16:00:00,11.3,69.21,5.0,2.91,166.88,6.29,25.04
2025-01-08 16:10:00,13.33,59.17,5.06,5.41,87.02,6.71,0.0
2025-01-08 16:20:00,7.58,71.66,2.25,2.5,188.22,3.71,13.74
2025-01-08 16:30:00,14.24,67.9,8.09,3.27,77.65,5.27,0.0
2025-01-08 16:40:00,14.58,68.48,8.74,6.19,111.93,9.21,21.03
2025-01-08 16:50:00,11.99,72.49,6.94,5.52,90.29,6.39,77.78
2025-01-08 17:00:00,12.24,75.43,6.54,6.41,199.68,6.94,261.17
2025-01-08 17:10:00,12.24,64.14,5.86,3.93,105.06,6.95,0.0
2025-01-08 17:20:00,10.08,66.15,4.24,2.68,104.76,4.28,0.0
2025-01-08 17:30:00,12.22,79.15,8.2,3.94,108.96,5.75,0.0
2025-01-08 17:40:00,9.78,76.59,3.91,4.41,124.96,4.75,0.0
2025-01-08 17:50:00,10.14,68.14,3.68,4.36,109.82,5.88,0.0
2025-01-08 18:00:00,13.03,67.52,6.69,5.83,116.39,8.02,107.47
2025-01-08 18:10:00,12.75,67.8,5.4,3.73,357.28,6.86,0.0
2025-01-08 18:20:00,9.73,71.47,3.73,4.72,122.6,6.15,199.56
2025-01-08 18:30:00,9.68,74.6,3.47,2.83,121.05,6.69,35.36
2025-01-08 18:40:00,9.84,88.89,8.1,4.84,156.63,6.36,0.0
2025-01-08 18:50:00,12.32,70.24,6.5,4.21,165.98,5.73,0.0
2025-01-08 19:00:00,9.44,76.14,3.35,3.15,113.51,6.89,0.0
2025-01-08 19:10:00,11.88,57.5,3.66,3.87,148.59,6.28,69.1
2025-01-08 19:20:00,12.58,65.28,5.59,3.94,81.45,5.59,0.0
2025-01-08 19:30:00,11.08,78.63,7.22,3.82,146.87,5.87,0.0
2025-01-08 19:40:00,13.06,71.07,6.96,6.68,100.01,10.23,32.21
2025-01-08 19:50:00,10.69,39.65,-2.02,4.07,78.65,7.73,60.06
2025-01-08 20:00:00,11.55,74.32,5.8,3.87,113.72,5.25,105.89
2025-01-08 20:10:00,10.18,84.27,6.6,1.28,169.36,3.43,117.35
2025-01-08 20:20:00,13.77,53.64,4.51,2.97,126.84,5.26,45.03
2025-01-08 20:30:00,10.56,81.13,6.9,3.86,173.08,5.07,0.0
2025-01-08 20:40:00,12.57,49.29,2.27,3.28,94.72,5.42,67.58
2025-01-08 20:50:00,11.81,75.94,6.66,6.18,157.85,8.39,0.0
2025-01-08 21:00:00,11.16,69.9,4.85,4.03,98.63,7.37,0.0
2025-01-08 21:10:00,11.95,52.79,4.52,6.07,129.66,9.48,85.15
2025-01-08 21:20:00,15.54,69.14,8.75,4.37,129.7,6.24,0.0
2025-01-08 21:30:00,13.41,75.98,8.16,4.35,145.64,6.34,0.0
2025-01-08 21:40:00,11.23,72.44,8.36,4.19,131.66,7.06,12.96
2025-01-08 21:50:00,13.6,71.85,8.31,4.34,97.45,5.95,25.05
2025-01-08 22:00:00,14.24,64.3,5.99,6.76,154.59,9.55,167.4
2025-01-08 22:10:00,20.72,48.32,11.06,1.12,184.88,3.24,70.73
2025-01-08 22:20:00,15.01,71.33,8.55,1.59,104.35,2.82,16.58
2025-01-08 22:30:00,13.81,79.81,10.51,3.65,61.1,4.9,0.0
2025-01-08 22:40:00,17.06,72.56,11.4,4.46,143.39,8.1,14.27
2025-01-08 22:50:00,11.19,56.02,2.04,5.43,114.92,7.47,0.0
2025-01-08 23:00:00,16.36,54.67,8.58,5.15,122.56,8.99,0.0
2025-01-08 23:10:00,19.78,56.28,11.49,3.97,147.27,5.66,224.07
2025-01-08 23:20:00,15.98,54.47,7.65,5.97,112.52,8.46,58.63
2025-01-08 23:30:00,13.07,68.55,7.13,6.01,119.8,10.6,83.37
2025-01-08 23:40:00,15.48,68.83,8.89,4.86,126.44,6.0,0.0
2025-01-08 23:50:00,18.81,53.06,9.91,5.98,182.16,6.28,130.29
2025-01-09 00:00:00,18.68,68.63,13.37,5.04,132.56,8.53,78.7
2025-01-09 00:10:00,16.49,69.37,10.47,3.91,89.08,5.28,66.46
2025-01-09 00:20:00,16.77,61.07,10.42,5.7,91.32,7.88,50.94
2025-01-09 00:30:00,16.99,63.5,10.37,4.92,138.91,6.53,99.54
2025-01-09 00:40:00,18.65,49.57,8.73,4.8,95.4,7.27,117.72
2025-01-09 00:50:00,20.41,59.31,12.47,6.9,81.17,8.15,121.82
2025-01-09 01:00:00,21.71,60.52,13.92,1.44,159.04,3.46,0.0
2025-01-09 01:10:00,20.63,62.61,12.15,2.93,161.72,5.58,76.04
2025-01-09 01:20:00,17.41,66.98,10.74,3.29,125.86,4.48,0.0
2025-01-09 01:30:00,17.42,66.03,10.8,4.48,150.03,5.98,0.0
2025-01-09 01:40:00,20.77,59.46,12.33,4.68,147.37,6.53,3.24
2025-01-09 01:50:00,17.39,66.35,10.93,2.96,162.93,3.73,0.0
2025-01-09 02:00:00,21.09,68.03,14.72,3.74,164.08,5.51,71.01
2025-01-09 02:10:00,22.05,59.49,14.56,3.96,52.81,6.27,0.0
2025-01-09 02:20:00,19.45,64.72,12.93,8.65,136.71,10.45,257.34
2025-01-09 02:30:00,19.66,61.01,11.99,7.77,164.39,9.7,161.61
2025-01-09 02:40:00,21.33,56.28,11.49,4.72,133.05,6.9,11.76
2025-01-09 02:50:00,22.41,63.49,16.54,4.83,149.86,6.38,0.0
2025-01-09 03:00:00,24.86,53.74,15.49,3.78,176.06,6.67,0.0
2025-01-09 03:10:00,24.04,61.06,16.19,2.77,153.83,6.4,0.0
2025-01-09 03:20:00,23.08,59.42,14.69,5.33,205.0,7.06,0.0
2025-01-09 03:30:00,21.61,58.43,12.9,4.14,192.91,6.83,0.0
2025-01-09 03:40:00,21.02,58.78,14.01,5.47,150.58,7.43,116.84
2025-01-09 03:50:00,22.03,56.62,14.46,3.4,149.07,5.97,0.0
2025-01-09 04:00:00,24.8,46.16,14.39,4.62,57.53,8.39,0.0
2025-01-09 04:10:00,24.67,60.48,16.68,5.95,147.17,8.66,2.66
2025-01-09 04:20:00,20.28,63.37,13.45,6.31,112.55,6.74,95.49
2025-01-09 04:30:00,22.65,65.56,15.82,6.43,168.99,9.09,0.0
2025-01-09 04:40:00,26.23,52.67,16.61,4.05,167.94,7.49,0.0
2025-01-09 04:50:00,24.2,71.48,18.77,7.15,188.3,9.13,109.8
2025-01-09 05:00:00,22.21,57.35,13.33,4.89,214.19,8.09,102.15
2025-01-09 05:10:00,29.0,47.77,18.76,6.95,165.77,8.46,130.37
2025-01-09 05:20:00,24.71,50.81,15.03,6.11,247.89,6.82,0.0
2025-01-09 05:30:00,25.45,44.95,14.93,4.25,177.61,6.59,0.0
2025-01-09 05:40:00,25.48,67.8,18.54,5.79,125.02,6.24,111.31
2025-01-09 05:50:00,24.1,67.91,18.25,6.8,152.62,8.76,0.0
2025-01-09 06:00:00,23.69,62.88,15.54,7.21,160.67,10.69,116.38
2025-01-09 06:10:00,28.82,47.79,17.92,6.21,195.87,6.5,53.82
2025-01-09 06:20:00,26.81,68.55,20.09,8.61,143.43,9.53,258.72
2025-01-09 06:30:00,26.48,53.71,16.36,7.93,167.6,9.1,427.4
2025-01-09 06:40:00,26.04,54.68,17.79,6.22,173.84,8.36,20.09
2025-01-09 06:50:00,23.19,69.19,16.26,7.69,165.25,9.52,208.46
2025-01-09 07:00:00,27.06,60.26,18.55,9.4,210.79,13.0,368.72
2025-01-09 07:10:00,23.24,74.49,19.15,9.5,206.29,12.65,498.48
2025-01-09 07:20:00,25.27,59.0,16.61,5.09,226.14,7.79,89.18
2025-01-09 07:30:00,21.81,57.59,13.18,5.57,175.19,7.92,0.0
2025-01-09 07:40:00,21.09,56.74,11.63,9.01,230.33,11.6,353.89
2025-01-09 07:50:00,25.33,44.27,14.85,5.51,141.97,6.84,0.0
2025-01-09 08:00:00,22.61,57.7,14.82,5.2,142.58,8.25,0.0
2025-01-09 08:10:00,20.48,69.58,14.99,6.42,150.16,7.51,154.53
2025-01-09 08:20:00,25.04,61.66,17.8,7.75,194.43,10.79,130.34
2025-01-09 08:30:00,27.88,55.05,18.95,7.08,237.65,10.47,0.0
2025-01-09 08:40:00,26.56,49.13,15.97,6.37,175.96,8.78,213.34
2025-01-09 08:50:00,23.6,60.35,15.02,6.4,181.8,8.42,0.0
2025-01-09 09:00:00,22.97,66.42,17.28,6.4,192.38,9.0,44.05
2025-01-09 09:10:00,24.55,60.92,17.34,6.22,221.44,6.22,194.89
2025-01-09 09:20:00,24.97,58.69,16.15,10.71,186.12,13.21,744.84
2025-01-09 09:30:00,22.33,54.32,13.23,7.99,185.61,10.07,191.19
2025-01-09 09:40:00,23.01,65.36,15.84,8.87,158.62,11.02,229.89
2025-01-09 09:50:00,23.49,36.93,9.98,7.0,187.13,9.91,0.0
2025-01-09 10:00:00,22.5,62.43,15.13,7.48,249.77,9.61,134.66
2025-01-09 10:10:00,21.26,78.86,16.7,6.8,213.15,7.86,121.51
2025-01-09 10:20:00,21.28,50.29,10.58,4.14,185.47,6.2,28.43
2025-01-09 10:30:00,23.98,56.73,14.15,5.98,256.02,8.25,2.88
2025-01-09 10:40:00,23.68,58.64,14.15,5.43,193.66,7.75,25.46
2025-01-09 10:50:00,22.36,56.64,13.39,4.87,265.21,7.23,0.0
2025-01-09 11:00:00,22.91,66.64,16.17,6.4,266.0,9.64,104.16
2025-01-09 11:10:00,19.12,66.1,11.64,9.98,220.18,11.1,576.73
2025-01-09 11:20:00,22.73,60.61,15.37,8.12,167.11,10.5,389.62
2025-01-09 11:30:00,20.79,66.87,14.11,10.04,301.01,13.53,577.85
2025-01-09 11:40:00,25.7,56.99,17.56,8.86,235.75,9.33,252.99
2025-01-09 11:50:00,17.67,86.36,14.79,9.44,212.15,11.81,436.14
2025-01-09 12:00:00,16.76,65.98,9.32,7.13,258.23,8.74,88.53
2025-01-09 12:10:00,18.75,64.49,11.74,9.17,250.61,11.0,426.1
2025-01-09 12:20:00,18.72,51.18,7.94,9.51,273.17,10.81,458.62
2025-01-09 12:30:00,21.51,56.84,13.31,7.73,205.33,9.76,68.19
2025-01-09 12:40:00,16.8,72.91,10.63,9.37,240.88,13.41,288.72
2025-01-09 12:50:00,19.63,52.99,10.96,9.43,189.43,10.37,461.75
2025-01-09 13:00:00,18.28,48.44,7.7,7.92,255.43,8.95,313.83
2025-01-09 13:10:00,17.46,64.52,11.21,7.16,232.47,8.06,125.66
2025-01-09 13:20:00,14.46,76.58,8.88,7.12,244.25,11.05,184.64
2025-01-09 13:30:00,18.72,63.45,10.87,8.94,230.42,10.68,433.0
2025-01-09 13:40:00,18.4,61.09,10.92,9.32,227.86,11.5,440.65
2025-01-09 13:50:00,17.27,51.45,8.49,7.8,207.34,9.6,113.53
2025-01-09 14:00:00,14.87,69.78,10.16,8.99,266.46,10.24,371.65
2025-01-09 14:10:00,14.91,71.21,9.18,9.79,291.97,11.76,620.51
2025-01-09 14:20:00,14.36,54.61,6.75,9.9,221.37,14.56,587.93
2025-01-09 14:30:00,15.65,73.85,10.19,11.25,261.22,14.84,990.58
2025-01-09 14:40:00,14.56,72.26,9.89,10.9,257.95,12.25,775.85
2025-01-09 14:50:00,12.97,76.25,7.47,7.75,244.06,10.6,159.85
2025-01-09 15:00:00,11.16,74.04,6.31,11.55,191.27,12.91,1021.24
2025-01-09 15:10:00,11.7,74.05,4.63,8.48,200.05,8.9,267.77
2025-01-09 15:20:00,13.45,71.54,6.86,10.72,219.15,13.94,860.42
2025-01-09 15:30:00,13.0,74.38,8.25,9.39,172.47,12.75,231.5
2025-01-09 15:40:00,13.44,55.17,3.42,8.75,297.45,12.0,316.77
2025-01-09 15:50:00,13.95,56.94,5.68,6.83,261.84,8.56,85.96
2025-01-09 16:00:00,10.81,65.12,4.56,9.15,248.7,11.18,267.85
2025-01-09 16:10:00,14.58,65.97,7.37,7.24,173.84,10.19,182.81
2025-01-09 16:20:00,11.46,72.41,5.16,10.8,187.39,13.39,723.76
2025-01-09 16:30:00,11.16,72.23,5.22,11.6,251.84,13.41,1021.12
2025-01-09 16:40:00,12.81,76.29,7.29,8.39,321.56,8.97,415.69
2025-01-09 16:50:00,8.63,80.27,4.61,9.95,228.78,12.27,641.25
2025-01-09 17:00:00,9.82,65.06,2.91,8.54,284.08,11.82,329.64
2025-01-09 17:10:00,13.0,69.97,6.75,8.7,237.64,9.7,338.09
2025-01-09 17:20:00,8.11,66.77,2.8,10.68,256.93,13.52,735.95
2025-01-09 17:30:00,13.25,66.76,6.03,9.57,298.04,12.1,638.08
2025-01-09 17:40:00,13.96,69.69,9.01,12.08,243.92,15.03,1304.19
2025-01-09 17:50:00,10.57,46.62,-0.93,8.98,232.35,12.06,290.63
2025-01-09 18:00:00,11.53,86.51,8.88,11.08,306.58,12.58,751.9
2025-01-09 18:10:00,13.01,72.25,8.41,9.83,258.95,10.41,574.98
2025-01-09 18:20:00,10.16,66.69,4.4,10.82,295.93,12.49,786.84
2025-01-09 18:30:00,12.56,82.19,8.66,9.1,234.11,12.19,253.32
2025-01-09 18:40:00,9.79,68.76,3.99,9.67,307.66,11.33,526.36
2025-01-09 18:50:00,10.14,71.8,4.84,9.59,268.29,11.09,449.53
2025-01-09 19:00:00,9.8,67.77,2.92,8.59,274.2,8.97,333.64
2025-01-09 19:10:00,11.86,80.89,8.53,10.7,263.82,14.65,790.84
2025-01-09 19:20:00,13.32,67.27,8.27,10.69,241.73,13.71,699.12
2025-01-09 19:30:00,10.91,71.23,5.53,10.61,259.53,13.58,783.59
2025-01-09 19:40:00,8.95,80.37,5.48,11.94,244.24,15.11,1139.16
2025-01-09 19:50:00,9.29,75.74,4.97,11.82,293.43,14.6,1098.45
2025-01-09 20:00:00,12.65,68.24,5.13,9.27,252.82,11.23,362.62
2025-01-09 20:10:00,15.26,74.04,10.43,10.32,207.6,12.36,744.82
2025-01-09 20:20:00,12.65,86.39,9.11,8.93,201.22,10.7,320.29
2025-01-09 20:30:00,11.24,72.1,5.19,9.83,199.55,14.67,643.81
2025-01-09 20:40:00,13.32,68.83,8.81,8.96,281.58,11.71,501.22
2025-01-09 20:50:00,11.51,70.84,5.47,12.06,219.57,13.8,1167.69
2025-01-09 21:00:00,12.37,78.04,7.39,10.3,270.28,12.97,394.74
2025-01-09 21:10:00,11.33,65.61,5.37,9.48,264.42,10.67,538.6
2025-01-09 21:20:00,15.59,64.02,7.63,11.45,257.21,15.15,968.22
2025-01-09 21:30:00,8.48,61.61,0.44,6.73,274.62,8.27,12.31
2025-01-09 21:40:00,14.49,58.68,7.22,6.94,264.6,9.64,51.24
2025-01-09 21:50:00,12.22,65.38,5.33,10.87,163.96,14.13,769.25
2025-01-09 22:00:00,13.76,67.22,5.96,9.83,247.19,12.41,635.78
2025-01-09 22:10:00,17.55,76.59,13.3,10.08,273.08,12.37,599.83
2025-01-09 22:20:00,13.21,71.86,7.27,7.86,315.26,10.07,298.51
2025-01-09 22:30:00,13.28,61.67,6.84,9.67,316.5,11.81,531.73
2025-01-09 22:40:00,14.27,62.07,6.19,12.49,209.36,14.11,1385.4
2025-01-09 22:50:00,15.24,75.9,11.27,10.82,244.4,12.57,757.06
2025-01-09 23:00:00,15.39,74.03,11.62,9.88,201.36,13.56,587.08
2025-01-09 23:10:00,13.36,68.18,6.31,9.01,308.88,11.1,429.0
2025-01-09 23:20:00,14.63,63.74,7.22,9.05,290.61,10.47,451.47
2025-01-09 23:30:00,18.49,71.23,13.05,6.6,266.88,8.29,55.11
2025-01-09 23:40:00,16.32,58.36,7.31,9.92,259.84,13.22,563.06
2025-01-09 23:50:00,17.0,67.44,10.71,10.72,301.74,13.6,810.31
2025-01-10 00:00:00,17.53,80.13,13.38,7.31,295.18,10.07,99.3
2025-01-10 00:10:00,16.81,66.31,9.88,8.56,292.66,10.5,187.48
2025-01-10 00:20:00,21.02,55.65,12.19,7.84,267.42,10.61,118.52
2025-01-10 00:30:00,17.66,66.98,11.11,8.08,238.5,9.63,195.85
2025-01-10 00:40:00,17.2,61.23,9.58,9.47,276.83,11.41,504.77
2025-01-10 00:50:00,19.97,52.27,9.95,6.45,277.77,9.62,174.89
2025-01-10 01:00:00,18.51,68.25,11.72,10.2,241.74,13.27,500.75
2025-01-10 01:10:00,18.74,70.96,12.84,10.36,235.3,11.58,607.94
2025-01-10 01:20:00,19.83,59.98,11.79,8.92,286.41,10.26,312.2
2025-01-10 01:30:00,19.81,59.53,11.37,5.76,304.12,8.07,102.37
2025-01-10 01:40:00,20.28,55.02,11.54,7.8,218.75,11.73,138.37
2025-01-10 01:50:00,23.58,57.73,13.67,10.89,234.84,11.17,774.79
2025-01-10 02:00:00,22.11,56.17,12.75,5.24,255.39,7.71,0.0
2025-01-10 02:10:00,17.22,57.43,8.48,8.6,259.18,9.42,331.25
2025-01-10 02:20:00,22.09,73.37,16.08,7.39,222.87,8.96,126.52
2025-01-10 02:30:00,21.57,63.85,15.64,10.13,306.06,11.97,544.05
2025-01-10 02:40:00,21.58,64.59,14.51,8.02,253.88,9.8,186.93
2025-01-10 02:50:00,21.94,66.44,15.37,9.49,256.65,11.15,547.12
2025-01-10 03:00:00,22.9,64.79,15.47,9.67,298.53,11.88,405.19
2025-01-10 03:10:00,22.86,56.54,14.15,11.41,220.16,13.07,910.14
2025-01-10 03:20:00,24.05,60.26,15.13,8.51,231.66,9.24,382.37
2025-01-10 03:30:00,21.97,58.34,13.51,9.27,189.75,12.25,414.11
2025-01-10 03:40:00,21.24,63.95,13.28,6.62,226.43,9.57,135.3
2025-01-10 03:50:00,28.39,56.84,19.54,10.32,179.17,13.36,681.94
2025-01-10 04:00:00,22.77,56.83,12.09,7.54,256.27,8.2,151.57
2025-01-10 04:10:00,24.24,48.88,13.12,7.77,243.58,10.27,149.81
2025-01-10 04:20:00,21.37,61.79,14.9,8.48,217.96,11.35,341.95
2025-01-10 04:30:00,24.27,56.73,16.28,6.27,222.89,7.44,156.5
2025-01-10 04:40:00,22.38,46.62,12.76,8.73,251.8,10.94,402.5
2025-01-10 04:50:00,23.27,62.61,16.9,9.71,184.12,11.79,398.44
2025-01-10 05:00:00,26.64,62.78,19.74,8.71,229.73,12.76,419.17
2025-01-10 05:10:00,25.61,74.65,20.18,6.03,245.76,10.15,15.4
2025-01-10 05:20:00,25.78,54.06,15.77,8.02,157.58,8.56,145.54
2025-01-10 05:30:00,21.57,56.81,13.85,9.18,242.6,13.88,376.45
2025-01-10 05:40:00,28.07,46.97,17.51,5.46,158.69,6.75,95.31
2025-01-10 05:50:00,22.62,61.11,16.83,6.53,211.81,9.71,118.78
2025-01-10 06:00:00,27.75,56.44,18.75,9.21,173.83,12.38,373.99
2025-01-10 06:10:00,26.84,50.17,18.45,8.31,263.27,9.51,317.99
2025-01-10 06:20:00,26.04,55.34,16.98,8.45,171.29,11.14,279.18
2025-01-10 06:30:00,23.46,45.03,13.54,10.42,152.63,12.51,626.19
2025-01-10 06:40:00,25.27,63.74,19.38,8.42,213.65,11.17,202.28
2025-01-10 06:50:00,24.15,52.87,13.91,8.62,193.08,11.05,328.82
2025-01-10 07:00:00,24.81,57.43,15.91,11.44,153.48,14.84,986.92
2025-01-10 07:10:00,24.31,48.13,13.11,7.29,223.11,9.56,13.49
2025-01-10 07:20:00,21.09,56.94,11.5,6.41,133.57,8.45,137.76
2025-01-10 07:30:00,26.78,53.94,18.1,8.07,165.56,11.37,174.84
2025-01-10 07:40:00,24.62,57.77,16.01,8.03,180.25,10.81,345.64
2025-01-10 07:50:00,23.89,61.86,16.3,6.62,227.0,9.55,0.0
2025-01-10 08:00:00,23.05,69.33,17.36,5.85,242.81,7.39,23.04
2025-01-10 08:10:00,24.71,62.89,15.8,10.47,234.6,11.63,630.61
2025-01-10 08:20:00,22.45,66.53,16.79,7.64,189.18,9.27,82.14
2025-01-10 08:30:00,20.0,72.12,14.15,6.1,108.12,7.68,7.77
2025-01-10 08:40:00,24.8,61.67,17.56,8.35,205.29,11.33,403.16
2025-01-10 08:50:00,25.0,57.25,16.94,6.85,241.62,10.03,106.74
2025-01-10 09:00:00,22.59,66.73,17.03,6.59,231.86,8.64,9.38
2025-01-10 09:10:00,20.88,68.72,14.54,7.68,203.42,11.31,13.53
2025-01-10 09:20:00,23.11,63.74,14.16,5.02,144.12,8.59,0.0
2025-01-10 09:30:00,20.31,51.54,10.67,7.27,165.9,9.71,82.64
2025-01-10 09:40:00,21.1,55.12,12.29,9.39,250.51,10.77,377.63
2025-01-10 09:50:00,21.6,58.64,12.5,7.31,131.78,11.08,113.04
2025-01-10 10:00:00,23.02,64.74,16.09,6.07,139.74,8.21,0.0
2025-01-10 10:10:00,20.85,61.09,12.78,5.83,211.45,8.15,29.61
2025-01-10 10:20:00,20.69,69.33,13.49,5.91,161.93,7.77,127.93
2025-01-10 10:30:00,25.02,66.69,18.89,6.07,134.22,7.38,185.66
2025-01-10 10:40:00,22.13,68.47,15.38,5.84,227.63,6.57,0.0
2025-01-10 10:50:00,22.11,68.54,15.49,7.59,188.86,10.42,91.9
2025-01-10 11:00:00,19.15,55.51,9.88,3.83,157.94,5.24,0.0
2025-01-10 11:10:00,18.74,66.51,13.03,7.4,129.79,12.66,153.44
2025-01-10 11:20:00,15.88,61.46,8.14,5.61,240.15,6.72,0.0
2025-01-10 11:30:00,21.56,49.06,11.43,6.61,166.25,7.55,220.87
2025-01-10 11:40:00,20.62,59.43,12.15,4.45,214.63,7.16,8.75
2025-01-10 11:50:00,19.49,71.73,14.21,7.83,195.63,11.56,176.26
2025-01-10 12:00:00,17.75,67.25,12.28,7.66,144.76,9.93,303.03
2025-01-10 12:10:00,19.33,76.73,15.19,7.21,143.69,9.98,121.9
2025-01-10 12:20:00,15.2,67.56,9.26,3.69,210.93,4.05,34.57
2025-01-10 12:30:00,16.94,81.89,13.8,6.92,210.18,8.44,35.77
2025-01-10 12:40:00,15.95,66.88,8.23,6.27,91.99,7.4,0.0
2025-01-10 12:50:00,21.19,61.09,12.71,3.41,175.63,3.71,0.0
2025-01-10 13:00:00,17.76,55.06,8.61,5.57,150.86,7.89,213.96
2025-01-10 13:10:00,12.22,76.77,7.0,6.06,117.68,6.06,101.35
2025-01-10 13:20:00,13.46,64.37,5.49,6.28,161.75,7.16,81.78
2025-01-10 13:30:00,15.95,61.12,6.68,5.7,104.13,7.37,0.0
2025-01-10 13:40:00,15.34,75.16,9.29,5.81,133.82,7.18,114.27
2025-01-10 13:50:00,13.8,75.68,8.74,7.42,121.0,10.02,27.43
2025-01-10 14:00:00,18.0,71.72,12.29,7.03,130.28,9.53,0.0
2025-01-10 14:10:00,15.06,63.91,7.21,1.25,144.11,4.34,0.0
2025-01-10 14:20:00,15.35,65.82,8.58,4.77,109.92,7.73,175.36
2025-01-10 14:30:00,13.25,67.65,6.44,4.94,199.41,8.28,173.45
2025-01-10 14:40:00,15.8,71.26,10.92,2.68,160.51,4.87,0.0
2025-01-10 14:50:00,13.82,78.44,9.37,5.22,204.97,7.72,0.0
2025-01-10 15:00:00,12.54,71.29,7.36,6.79,135.5,9.5,0.0
2025-01-10 15:10:00,14.15,81.09,10.53,3.48,120.86,5.82,6.82
2025-01-10 15:20:00,10.12,77.17,4.43,5.43,200.59,7.24,37.57
2025-01-10 15:30:00,15.92,64.02,8.66,3.64,117.82,5.51,67.55
2025-01-10 15:40:00,13.38,73.76,7.14,3.94,130.84,5.32,78.79
2025-01-10 15:50:00,15.36,78.12,10.89,6.91,161.33,9.54,82.3
2025-01-10 16:00:00,10.0,84.99,6.4,4.05,91.89,6.15,49.17
2025-01-10 16:10:00,10.28,79.06,6.39,5.42,159.2,6.96,0.0
2025-01-10 16:20:00,9.85,71.32,3.04,2.12,153.85,3.66,45.65
2025-01-10 16:30:00,12.39,67.33,5.87,7.31,177.0,8.3,89.25
2025-01-10 16:40:00,12.06,73.18,7.15,5.51,162.9,8.69,65.31
2025-01-10 16:50:00,11.1,81.73,8.17,4.38,176.45,6.66,36.54
2025-01-10 17:00:00,9.41,74.56,3.71,5.41,126.31,6.75,29.07
2025-01-10 17:10:00,8.96,75.12,4.0,2.6,99.23,5.61,67.54
2025-01-10 17:20:00,11.15,70.32,5.36,6.2,202.55,7.84,0.0
2025-01-10 17:30:00,10.4,68.34,5.31,4.07,74.58,4.86,0.0
2025-01-10 17:40:00,10.0,69.86,2.79,4.21,77.41,7.43,0.0
2025-01-10 17:50:00,14.02,68.33,6.96,3.78,146.48,5.44,0.0
2025-01-10 18:00:00,10.85,82.26,9.55,3.63,182.96,5.42,0.0
2025-01-10 18:10:00,13.29,66.36,6.34,5.39,132.14,7.63,0.0
2025-01-10 18:20:00,10.04,71.33,2.79,4.76,159.92,8.1,120.28
2025-01-10 18:30:00,11.44,63.65,3.7,5.29,54.57,7.51,31.95
2025-01-10 18:40:00,10.9,75.21,3.73,4.34,106.44,5.35,91.52
2025-01-10 18:50:00,7.94,82.42,4.62,5.06,57.87,7.8,40.02
2025-01-10 19:00:00,13.81,78.94,10.25,3.73,150.33,5.45,0.0
2025-01-10 19:10:00,11.0,71.53,4.57,7.43,68.45,11.51,154.65
2025-01-10 19:20:00,12.58,72.7,6.74,2.09,77.5,4.29,62.0
2025-01-10 19:30:00,9.88,70.03,4.63,6.04,139.86,6.04,147.88
2025-01-10 19:40:00,10.94,73.85,4.31,6.18,158.71,8.73,41.75
2025-01-10 19:50:00,9.68,73.49,3.32,3.06,115.69,7.2,0.0
2025-01-10 20:00:00,14.16,67.66,7.51,7.36,140.95,11.14,0.0
2025-01-10 20:10:00,12.5,69.72,5.84,5.62,139.59,9.66,2.12
2025-01-10 20:20:00,12.6,71.82,6.73,5.58,113.02,6.76,0.0
2025-01-10 20:30:00,14.38,65.0,6.37,4.25,82.08,7.37,155.85
2025-01-10 20:40:00,14.02,65.69,7.33,3.91,140.02,5.38,51.97
2025-01-10 20:50:00,13.32,79.97,9.19,3.91,141.6,6.34,0.0
2025-01-10 21:00:00,10.49,89.53,8.84,4.75,151.36,5.68,0.0
2025-01-10 21:10:00,11.8,60.95,4.15,6.16,130.94,7.72,139.66
2025-01-10 21:20:00,11.24,61.06,3.62,4.45,79.1,5.98,0.0
2025-01-10 21:30:00,14.36,60.38,5.28,2.92,144.18,6.02,0.0
2025-01-10 21:40:00,13.36,67.26,7.2,5.36,120.01,8.36,0.0
2025-01-10 21:50:00,10.55,76.78,5.64,5.49,103.24,7.97,35.37
2025-01-10 22:00:00,14.16,71.39,8.31,5.13,109.93,5.98,68.65
2025-01-10 22:10:00,11.81,70.57,6.76,5.26,96.22,7.15,120.43
2025-01-10 22:20:00,14.4,70.74,7.98,3.84,151.65,5.3,89.81
2025-01-10 22:30:00,11.52,64.79,5.56,2.93,71.11,6.0,0.07
2025-01-10 22:40:00,15.45,64.38,9.48,3.02,86.2,6.4,86.74
2025-01-10 22:50:00,15.18,66.2,9.02,1.96,109.72,5.22,0.0
2025-01-10 23:00:00,19.62,51.25,9.09,4.59,178.0,6.04,0.0
2025-01-10 23:10:00,17.71,55.93,7.15,4.16,158.74,4.16,0.0
2025-01-10 23:20:00,15.43,58.26,7.94,3.67,64.75,4.1,0.0
2025-01-10 23:30:00,17.66,69.45,11.64,0.16,169.86,3.79,0.0
2025-01-10 23:40:00,13.67,69.41,6.96,2.57,170.2,4.37,0.0
2025-01-10 23:50:00,14.46,71.27,9.65,5.91,82.32,7.35,1.35
2025-01-11 00:00:00,18.6,50.38,7.99,3.42,35.62,7.27,52.83
2025-01-11 00:10:00,14.12,56.91,5.16,4.88,121.84,8.34,156.77
2025-01-11 00:20:00,17.93,68.5,12.05,2.45,164.18,4.67,0.0
2025-01-11 00:30:00,16.16,46.0,4.47,6.43,181.14,8.34,0.0
2025-01-11 00:40:00,18.18,72.21,12.54,4.24,95.55,6.31,0.0
2025-01-11 00:50:00,16.06,52.78,7.49,4.87,187.96,7.3,75.93
2025-01-11 01:00:00,20.58,67.39,14.22,7.75,49.3,11.55,159.41
2025-01-11 01:10:00,19.85,55.92,12.03,6.64,115.06,9.26,18.21
2025-01-11 01:20:00,22.33,67.24,16.69,4.12,114.03,7.04,63.22
2025-01-11 01:30:00,19.82,84.62,16.75,3.74,169.69,7.11,81.97
2025-01-11 01:40:00,18.43,47.5,6.06,4.15,175.54,5.18,0.91
2025-01-11 01:50:00,19.37,67.44,11.97,5.35,164.27,8.3,0.0
2025-01-11 02:00:00,19.08,50.17,9.73,4.52,84.4,6.42,28.77
2025-01-11 02:10:00,22.23,62.98,13.59,4.15,162.69,4.15,0.0
2025-01-11 02:20:00,22.56,58.25,13.95,6.79,151.16,6.86,69.34
2025-01-11 02:30:00,25.94,57.56,17.73,4.61,75.72,5.79,0.0
2025-01-11 02:40:00,20.38,55.28,12.61,8.02,62.77,10.76,288.23
2025-01-11 02:50:00,21.02,66.55,13.87,4.97,172.37,7.28,33.85
2025-01-11 03:00:00,21.91,50.14,11.43,7.38,130.68,9.76,226.81
2025-01-11 03:10:00,23.33,67.69,16.83,5.42,92.97,9.57,136.97
2025-01-11 03:20:00,23.64,55.86,15.09,6.31,131.66,7.24,98.74
2025-01-11 03:30:00,22.85,49.61,12.65,3.98,152.7,6.16,0.0
2025-01-11 03:40:00,24.91,68.75,19.49,3.84,138.1,6.35,89.42
2025-01-11 03:50:00,21.84,59.87,13.17,5.73,87.74,7.19,73.06
2025-01-11 04:00:00,25.84,70.1,19.95,6.51,209.13,8.74,292.73
2025-01-11 04:10:00,25.03,66.02,18.59,5.23,179.38,5.83,44.58
2025-01-11 04:20:00,24.04,52.78,14.28,3.41,133.62,7.02,59.42
2025-01-11 04:30:00,23.5,58.26,15.82,3.36,136.17,4.87,24.76
2025-01-11 04:40:00,28.43,55.26,19.6,3.31,160.24,7.54,0.0
2025-01-11 04:50:00,22.59,70.35,17.29,2.88,109.29,5.05,0.0
2025-01-11 05:00:00,25.3,60.29,17.51,5.55,161.32,8.78,52.56
2025-01-11 05:10:00,23.41,60.16,15.75,7.02,104.66,9.17,152.05
2025-01-11 05:20:00,27.98,53.42,18.15,5.48,150.0,7.65,123.33
2025-01-11 05:30:00,26.36,55.92,17.04,2.38,112.82,4.0,26.25
2025-01-11 05:40:00,23.54,67.95,18.11,5.33,115.85,7.65,0.0
2025-01-11 05:50:00,25.68,56.91,17.57,5.42,213.86,7.94,0.0
2025-01-11 06:00:00,25.46,54.32,15.51,8.64,159.62,10.05,183.52
2025-01-11 06:10:00,24.07,54.39,15.09,3.71,166.12,5.79,141.81
2025-01-11 06:20:00,26.36,52.4,14.94,5.26,89.78,6.85,0.0
2025-01-11 06:30:00,25.7,47.05,14.65,8.25,140.62,12.75,321.22
2025-01-11 06:40:00,25.39,51.9,16.54,6.54,179.0,8.65,97.1
2025-01-11 06:50:00,24.92,68.06,18.44,6.76,171.01,10.5,113.49
2025-01-11 07:00:00,25.54,55.57,16.75,6.18,90.19,8.19,43.36
2025-01-11 07:10:00,25.17,62.27,15.22,6.54,174.21,9.0,6.39
2025-01-11 07:20:00,24.87,40.27,12.61,7.22,181.18,8.1,42.14
2025-01-11 07:30:00,23.61,62.73,16.42,5.06,214.69,6.81,161.3
2025-01-11 07:40:00,27.81,53.84,18.95,7.48,148.23,9.89,157.89
2025-01-11 07:50:00,22.87,56.05,14.85,4.38,94.11,8.17,100.0
2025-01-11 08:00:00,24.83,58.92,16.45,6.82,139.12,9.24,209.85
2025-01-11 08:10:00,23.49,55.39,14.43,6.67,137.04,10.25,46.63
2025-01-11 08:20:00,27.23,40.63,14.29,5.61,202.66,8.45,65.46
2025-01-11 08:30:00,22.44,66.26,15.52,6.5,83.23,10.33,74.75
2025-01-11 08:40:00,22.74,61.24,13.98,5.72,164.07,7.86,0.0
2025-01-11 08:50:00,22.32,57.72,12.38,5.15,231.12,9.74,0.63
2025-01-11 09:00:00,23.53,52.06,13.08,6.21,182.93,7.93,104.71
2025-01-11 09:10:00,20.48,51.28,11.94,5.22,215.51,6.65,0.0
2025-01-11 09:20:00,22.09,61.69,14.21,7.28,128.14,8.27,101.62
2025-01-11 09:30:00,19.08,74.13,14.08,5.27,131.0,9.8,4.66
2025-01-11 09:40:00,23.38,60.38,15.05,7.94,238.84,10.96,378.51
2025-01-11 09:50:00,22.05,50.48,10.71,5.35,193.54,7.21,0.0
